peak_id,peak_name,name,yr_season,date,time,citizenship,gender,age,is_o2_used,is_summiter,cause_of_death
AMAD,Ama Dablam,Michael John (Mike) Harris,1959 Spr,May 21,08:30,UK,M,33,No,.,Fall (6550m)
AMAD,Ama Dablam,George James Fraser,1959 Spr,May 21,08:30,UK,M,27,No,.,Fall (6550m)
AMAD,Ama Dablam,Kenneth James (Ken) Hyslop,1979 Aut,Oct 24,11:15,New Zealand,M,23,No,.,Avalanche (6100m)
AMAD,Ama Dablam,Guido Bumann,1983 Aut,Oct 27,20:00,Switzerland,M,31,No,.,Fall (5300m)
AMAD,Ama Dablam,Maya Senn,1983 Aut,Oct 27,20:00,Switzerland,F,28,No,.,Fall (5300m)
AMAD,Ama Dablam,Makoto Ishibashi,1985 Spr,May 04,09:30,Japan,M,32,No,Y,Fall (5900m)
AMAD,Ama Dablam,Charlie Eckenfelder,1988 Spr,Apr 09,16:00,Canada,M,33,No,.,Fall (6200m)
AMAD,Ama Dablam,Jose Joaquin Goni Azanza,1992 Spr,Apr 19,19:00,Spain,M,36,No,Y,Fall (6750m)
AMAD,Ama Dablam,Karine Van Dooren,1992 Aut,Oct 26,,Belgium,F,35,No,.,Fall (6000m)
AMAD,Ama Dablam,Jean Corniglion,1998 Aut,Oct 31,18:00,France,M,60,No,.,AMS (4600m)
AMAD,Ama Dablam,Robert Rackl,2003 Aut,Oct 11,,Germany,M,39,No,.,Fall (6080m)
AMAD,Ama Dablam,Daniel Carlsson,2006 Aut,Nov 14,05:00,Sweden,M,27,No,.,Avalanche (6400m)
AMAD,Ama Dablam,Mikael Forsberg,2006 Aut,Nov 14,05:00,Sweden,M,41,No,.,Avalanche (6400m)
AMAD,Ama Dablam,Duncan Griffin Williams,2006 Aut,Nov 14,05:00,UK,M,32,No,.,Avalanche (6400m)
AMAD,Ama Dablam,"Mingma Nuru Sherpa (Pangboche, Khumbu)",2006 Aut,Nov 14,05:00,Nepal,M,37,No,.,Avalanche (6400m)
AMAD,Ama Dablam,"Tashi Dorje (Ang Tashi) Sherpa (Pangboche, Khumbu)",2006 Aut,Nov 14,05:00,Nepal,M,36,No,.,Avalanche (6400m)
AMAD,Ama Dablam,"Danuru Sherpa (Pangboche, Khumbu)",2006 Aut,Nov 14,05:00,Nepal,M,37,No,.,Avalanche (6400m)
AMAD,Ama Dablam,Guillermo Mateo Yeste,2006 Win,Jan 19,18:00,Spain,M,48,No,Y,Fall (6750m)
AMAD,Ama Dablam,Chandra Kumar Rai,2007 Aut,Nov 22,,Nepal,M,27,No,.,Unknown (3400m)
AMAD,Ama Dablam,Jean Mary,2008 Aut,Oct 31,11:45,France,M,52,No,.,Fall (6050m)
AMAD,Ama Dablam,Wei Cui,2008 Aut,Nov 04,22:00,China,M,36,No,Y,Fall (6200m)
AMAD,Ama Dablam,Julian Pinkerton Gamble,2011 Aut,Nov 26,,UK,M,53,No,.,Fall (6100m)
AMAD,Ama Dablam,Victor Igolkin,2014 Spr,Apr 28,,Russia,M,52,No,.,AMS (6200m)
AMAD,Ama Dablam,Pavel Ivanovsky,2014 Spr,Apr 29,,Russia,M,47,No,.,AMS (6200m)
AMAD,Ama Dablam,Murad Ashurly,2014 Aut,Oct 21,10:00,Azerbaijan/Russia,M,42,No,Y,Fall (6000m)
AMAD,Ama Dablam,Christoph Graf Von Preysing,2014 Aut,Oct 26,,Germany,M,58,No,Y,Illness (non-AMS) (6000m)
AMAD,Ama Dablam,"Dendi Sherpa (Bumburi, Jubing-3, Solukhumbu)",2014 Aut,Nov 03,03:30,Nepal,M,28,No,.,Falling Rock/Ice (6400m)
AMAD,Ama Dablam,"Lhakpa Thundu/Thudu (Tindu) Sherpa (Pangboche, Khumbu)",2016 Aut,Oct 28,,Nepal,M,46,No,.,Falling Rock/Ice (6300m)
AMAD,Ama Dablam,Valery Rozov,2017 Aut,Nov 11,,Russia,M,52,No,Y,Other (6800m)
AMAD,Ama Dablam,Raman Nair Hachoodan,2018 Spr,May 15,,Malaysia,M,43,No,.,Fall (6300m)
AMAD,Ama Dablam,Michael Geoffrey Davis,2018 Aut,Nov 15,,Australia,M,33,No,.,Fall (6100m)
AMAD,Ama Dablam,Steven Victor Biem,2018 Aut,Nov 28,,USA,M,46,No,Y,AMS (6000m)
ANN1,Annapurna I,Ian Stewart Clough,1970 Spr,May 30,09:45,UK,M,32,No,.,Falling Rock/Ice (5300m)
ANN1,Annapurna I,Kazumi Katagiri,1973 Spr,May 18,11:30,Japan,M,23,No,.,Avalanche (6700m)
ANN1,Annapurna I,Masanori Hama,1973 Spr,May 18,11:30,Japan,M,36,No,.,Avalanche (6700m)
ANN1,Annapurna I,Sadatoshi Takahashi,1973 Spr,May 18,11:30,Japan,M,37,No,.,Avalanche (6700m)
ANN1,Annapurna I,"Chong Rinji Sherpa (Junbesi, Solukhumbu)",1973 Spr,May 18,14:40,Nepal,M,0,Y,.,Avalanche (6300m)
ANN1,Annapurna I,Tadashi Ushigoe,1973 Spr,May 18,14:40,Japan,M,30,No,.,Avalanche (6300m)
ANN1,Annapurna I,Miller Rava,1973 Aut,Sep 26,21:00,Italy,M,26,No,.,Avalanche (5750m)
ANN1,Annapurna I,Leonardo Cerruti,1973 Aut,Sep 26,21:00,Italy,M,34,No,.,Avalanche (5750m)
ANN1,Annapurna I,Franz Tegischer,1975 Spr,Apr 15,00:30,Austria,M,27,No,.,Avalanche (5500m)
ANN1,Annapurna I,Vera Watson,1978 Aut,Oct 17,18:00,UK,F,45,No,.,Fall (7300m)
ANN1,Annapurna I,Alison Chadwick-Onyszkiewicz,1978 Aut,Oct 17,18:00,UK,F,36,No,.,Fall (7300m)
ANN1,Annapurna I, Unknown,1979 Spr,Dec 31,,Nepal,M,0,No,.,Unknown (0m)
ANN1,Annapurna I,Yves Morin,1979 Spr,May 01,,France,M,33,No,Y,Other (6600m)
ANN1,Annapurna I,Eric Roberts,1979 Aut,Sep 19,10:30,UK,M,33,No,.,Avalanche (6500m)
ANN1,Annapurna I,Gilbert V. (Gil) Harder,1979 Aut,Sep 19,10:30,USA,M,34,No,.,Avalanche (6500m)
ANN1,Annapurna I,Maynard Cohick,1979 Aut,Sep 19,10:30,USA,M,41,No,.,Avalanche (6500m)
ANN1,Annapurna I,Pemba Tshering Sherpa,1981 Aut,Sep 28,,Nepal,M,0,No,.,Avalanche (5650m)
ANN1,Annapurna I,Ang Nima Sherpa,1981 Aut,Sep 28,,Nepal,M,0,No,.,Avalanche (5650m)
ANN1,Annapurna I,Yves Favre,1981 Aut,Sep 28,10:40,France,M,35,No,.,Avalanche (5100m)
ANN1,Annapurna I,Andre Durieux,1981 Aut,Sep 28,10:40,France,M,27,No,.,Avalanche (5100m)
ANN1,Annapurna I,Yasuji Kato,1981 Aut,Oct 31,09:30,Japan,M,32,No,.,Fall (7700m)
ANN1,Annapurna I,Werner Buerkli,1982 Spr,May 04,18:30,Switzerland,M,42,No,Y,Illness (non-AMS) (7100m)
ANN1,Annapurna I,Shanti Rai,1982 Spr,May 12,,Nepal,M,0,No,.,Fall (6000m)
ANN1,Annapurna I,Alexander (Alex) MacIntyre,1982 Aut,Oct 17,10:30,UK,M,28,No,.,Falling Rock/Ice (6000m)
ANN1,Annapurna I,Susumu Akamatsu,1982 Aut,Oct 18,04:00,Japan,M,29,No,.,Avalanche (5400m)
ANN1,Annapurna I,Mikio Ono,1982 Aut,Oct 18,04:00,Japan,M,30,No,.,Avalanche (5400m)
ANN1,Annapurna I,Tika Ram Magar,1983 Aut,Sep 24,07:15,Nepal,M,0,No,.,Avalanche (5500m)
ANN1,Annapurna I,Maila Magar,1983 Aut,Sep 24,07:15,Nepal,M,0,No,.,Avalanche (5500m)
ANN1,Annapurna I,Yang-Keun Chung,1983 Aut,Sep 24,07:15,S Korea,M,27,No,.,Avalanche (5500m)
ANN1,Annapurna I,Patrick Taglianut,1984 Spr,Apr 21,,France,M,28,No,.,Avalanche (6100m)
ANN1,Annapurna I,Philippe Dumas,1984 Spr,Apr 21,,France,M,32,No,.,Avalanche (6100m)
ANN1,Annapurna I,Benoit Grison,1986 Aut,Sep 23,,France,M,23,No,.,Fall (6000m)
ANN1,Annapurna I,Andres Ferrer,1987 Spr,May 24,,Spain,M,29,No,.,Fall (6500m)
ANN1,Annapurna I,Toshiyuki Kobayashi,1987 Win,Dec 20,17:00,Japan,M,22,No,Y,Fall (7900m)
ANN1,Annapurna I,Yasuhira Saito,1987 Win,Dec 20,19:00,Japan,M,34,No,Y,Fall (7420m)
ANN1,Annapurna I,Ang Dawa Sherpa,1988 Aut,Sep 29,19:15,Nepal,M,27,No,.,Falling Rock/Ice (5000m)
ANN1,Annapurna I,Akihiko Mori,1988 Aut,Sep 29,19:15,Japan,M,43,No,.,Falling Rock/Ice (5000m)
ANN1,Annapurna I,Jiri Pelikan,1988 Aut,Oct 01,,Czechoslovakia,M,36,No,.,Fall (8000m)
ANN1,Annapurna I,Ognian Stoykov,1989 Aut,Oct 28,16:15,Bulgaria,M,29,No,Y,Fall (7000m)
ANN1,Annapurna I,Milen Metkov,1989 Aut,Oct 28,16:15,Bulgaria,M,25,No,.,Fall (7000m)
ANN1,Annapurna I,Seong-Jee Lee,1991 Aut,Sep 19,,S Korea,M,25,No,.,Avalanche (7500m)
ANN1,Annapurna I,Tenzing Sherpa,1991 Aut,Sep 19,,Nepal,M,0,No,.,Avalanche (7500m)
ANN1,Annapurna I,Sang-Gu Lee,1991 Aut,Sep 19,,S Korea,M,27,No,.,Avalanche (7500m)
ANN1,Annapurna I,Jangbu Sherpa,1991 Aut,Sep 19,,Nepal,M,0,No,.,Avalanche (7500m)
ANN1,Annapurna I,Lhakpa Tendi Sherpa,1991 Aut,Sep 19,,Nepal,M,0,No,.,Avalanche (7500m)
ANN1,Annapurna I,"Dawa Sange Sherpa (Ghat, Khumbu)",1991 Aut,Sep 19,,Nepal,M,26,No,.,Avalanche (7500m)
ANN1,Annapurna I,Gabriel Denamur,1991 Aut,Oct 20,,Belgium,M,28,No,Y,Fall (7700m)
ANN1,Annapurna I,Pierre Beghin,1992 Aut,Oct 11,09:00,France,M,41,No,.,Fall (7100m)
ANN1,Annapurna I,Suk-Byun Jun,1994 Win,Dec 05,,S Korea,M,36,No,.,Fall (4300m)
ANN1,Annapurna I,"Ngati Sherpa (Phortse, Khumbu)",1997 Spr,Mar 23,,Nepal,M,28,No,.,Crevasse (5300m)
ANN1,Annapurna I,Dmitri Sobolev,1997 Win,Dec 25,12:15,Kazakhstan,M,36,No,.,Avalanche (5700m)
ANN1,Annapurna I,Anatoli Boukreev,1997 Win,Dec 25,12:15,Kazakhstan,M,39,No,.,Avalanche (5900m)
ANN1,Annapurna I,Ang Tshering Sherpa,1998 Spr,Apr 25,,Nepal,M,0,No,.,Avalanche (6050m)
ANN1,Annapurna I,"Kami Dorchi (Kami Dorje) Sherpa (Kerung, Solukhumbu)",1999 Spr,Apr 29,,Nepal,M,33,No,Y,Fall (7600m)
ANN1,Annapurna I,Hyung-Ok Ji,1999 Spr,Apr 29,,S Korea,F,38,No,Y,Fall (7600m)
ANN1,Annapurna I,Michio Sato,2004 Aut,Oct 10,11:00,Japan,M,43,No,.,Avalanche (6000m)
ANN1,Annapurna I,Hideji Nazuka,2004 Aut,Oct 10,11:00,Japan,M,49,No,.,Avalanche (6000m)
ANN1,Annapurna I,Christian Kuntner,2005 Spr,May 18,08:30,Italy,M,43,No,.,Avalanche (6300m)
ANN1,Annapurna I,"Lhakpa Rita Sherpa (Phortse, Khumbu)",2006 Aut,Oct 22,09:20,Nepal,M,35,No,.,Icefall Collapse (6220m)
ANN1,Annapurna I,Udhav Prasad Khanal,2007 Spr,Apr 22,,Nepal,M,46,No,.,Unknown (0m)
ANN1,Annapurna I,Ignacio (Inaki) Ochoa de Olza Seguin,2008 Spr,May 23,12:10,Spain,M,40,No,.,AMS (7400m)
ANN1,Annapurna I,Martin Minarik,2009 Spr,Apr 22,,Czech Republic,M,41,No,.,Disappearance (6700m)
ANN1,Annapurna I,Bartolome (Tolo) Calafat Marcus,2010 Spr,Apr 28,,Spain,M,39,No,Y,Exhaustion (7600m)
ANN1,Annapurna I,Dong-Min Shin,2011 Aut,Oct 18,,S Korea,M,37,No,.,Crevasse (6300m)
ANN1,Annapurna I,Young-Seok Park,2011 Aut,Oct 18,,S Korea,M,47,No,.,Crevasse (6300m)
ANN1,Annapurna I,Ki-Seok Kang,2011 Aut,Oct 18,,S Korea,M,33,No,.,Crevasse (6300m)
ANN1,Annapurna I,Tibor Horvath,2012 Spr,May 05,16:00,Hungary,M,33,No,.,Avalanche (6000m)
ANN1,Annapurna I,Ivan Lobanov,2012 Aut,Oct 07,14:53,Uzbekistan,M,51,No,.,Avalanche (5700m)
ANN1,Annapurna I,Ilyas Tukhvatullin,2012 Aut,Oct 07,14:53,Uzbekistan,M,54,No,.,Avalanche (5700m)
ANN1,Annapurna I,Samuli (Mika) Mansikka,2015 Spr,Mar 25,03:00,Finland,M,36,No,Y,Fall (7400m)
ANN1,Annapurna I,"Pema Chhiring/Pemba Sherpa (Makalu-5, Makalu-Barun)",2015 Spr,Mar 25,03:00,Nepal,M,35,Y,Y,Fall (7400m)
ANN1,Annapurna I,Wui Kin Chin,2019 Spr,May 23,,Malaysia,M,48,Y,Y,AMS (7550m)
ANN2,Annapurna II,Masatoshi Sato,1971 Spr,May 04,,Japan,M,22,No,.,Fall (7500m)
ANN2,Annapurna II,Ikuo Tanabe,1980 Spr,Apr 26,20:00,Japan,M,36,No,.,Fall (6700m)
ANN2,Annapurna II,Kyoichi Ichikawa,1981 Aut,Oct 11,12:30,Japan,M,29,No,.,Fall (7400m)
ANN2,Annapurna II,Klaus Schlamberger,1983 Spr,May 05,,Austria,M,0,No,.,Fall (7300m)
ANN2,Annapurna II,Kab-Young Jeong,1989 Aut,Sep 21,,S Korea,M,26,No,Y,Fall (0m)
ANN2,Annapurna II,Young-Kyu Kim,1989 Aut,Sep 21,,S Korea,M,27,No,Y,Fall (0m)
ANN3,Annapurna III,Luigino Henry,1977 Aut,Oct 23,20:00,Italy,M,36,No,Y,Crevasse (6000m)
ANN3,Annapurna III,Stafford James Morse,1980 Spr,Mar 30,,Australia,M,24,No,.,Avalanche (5030m)
ANN3,Annapurna III,Nicholas David Reeves,1980 Spr,Mar 30,,Australia,M,26,No,.,Avalanche (5030m)
ANN3,Annapurna III,Richard John Schmidt,1980 Spr,Mar 30,,Australia,M,34,No,.,Avalanche (5030m)
ANN3,Annapurna III,Masami Okabe,1982 Spr,Apr 24,13:30,Japan,M,30,No,.,Avalanche (6800m)
ANN3,Annapurna III,Robert Grant Uttley,1983 Aut,Oct 14,,UK,M,21,No,.,Exposure/Frostbite (6300m)
ANN3,Annapurna III,Massimo Caslini,1986 Aut,Sep 26,,Italy,M,28,No,.,Falling Rock/Ice (6000m)
ANN3,Annapurna III, Unknown,1988 Aut,Sep 10,00:00,Nepal,M,0,No,.,AMS (3000m)
ANN3,Annapurna III,Beno Dolinsek,1994 Aut,Oct 16,,Slovenia,M,25,No,.,Fall (6750m)
ANN4,Annapurna IV,Pasang Dawa Sherpa,1985 Aut,Oct 17,,Nepal,M,0,No,.,Exposure/Frostbite (4000m)
ANN4,Annapurna IV,Tenzing Lama,1995 Spr,Mar 26,,Nepal,M,0,No,.,Avalanche (3100m)
ANN4,Annapurna IV,Richard (Rich) Davidson,1996 Aut,Oct 04,05:00,USA,M,46,No,.,Avalanche (5400m)
ANN4,Annapurna IV,Deborah (Debbie) Marshall,1996 Aut,Oct 04,05:00,USA,F,32,No,.,Avalanche (5400m)
ANN4,Annapurna IV,Alois Erich Schiempfoessl,2005 Aut,Oct 11,13:00,Austria,M,60,No,.,AMS (6300m)
ANNE,Annapurna I East,Ramiro Navarrete,1988 Aut,Oct 17,16:00,Ecuador,M,38,No,Y,Fall (7450m)
ANNM,Annapurna I Middle,Winfried Trinkle,1980 Aut,Oct 04,08:00,W Germany,M,44,No,.,Fall (7100m)
ANNM,Annapurna I Middle,Keepa Sherpa,1984 Win,Dec 07,16:30,Nepal,M,0,No,Y,Fall (7800m)
ANNM,Annapurna I Middle,Pasang Norbu Sherpa (Solukhumbu),1984 Win,Dec 07,16:30,Nepal,M,0,No,Y,Fall (7800m)
ANNS,Annapurna South, Unknown,1978 Spr,Mar 12,,Nepal,M,0,No,.,Avalanche (3650m)
ANNS,Annapurna South, Unknown,1978 Spr,Mar 12,,Nepal,M,0,No,.,Avalanche (3650m)
ANNS,Annapurna South,Jozef Koniak,1979 Spr,Apr 15,12:00,Poland,M,0,No,.,Fall (5970m)
ANNS,Annapurna South,Jerzy Pietkiewicz,1979 Spr,May 04,,Poland,M,42,No,.,Disappearance (6500m)
ANNS,Annapurna South,Julian Ryznar,1979 Spr,May 04,,Poland,M,31,No,.,Disappearance (6500m)
ANNS,Annapurna South,Dimitris Bountolas,1985 Aut,Oct 22,11:45,Greece,M,31,No,.,Avalanche (6500m)
ANNS,Annapurna South,Klimis Tsatsaragos,1985 Aut,Oct 22,11:45,Greece,M,28,No,.,Avalanche (6500m)
ANNS,Annapurna South,Rupert Wohlschlager,1985 Aut,Oct 22,11:45,W Germany,M,26,No,.,Avalanche (6500m)
APIM,Api Main,Roberto Bignami,1954 Spr,May 25,,Italy,M,0,No,.,Other (3500m)
APIM,Api Main,Giuseppe (Beppe) Barenghi,1954 Spr,Jun 15,,Italy,M,0,No,.,Disappearance (7100m)
APIM,Api Main,Giorgio Rosenkrantz,1954 Spr,Jun 16,03:00,Italy,M,0,No,.,AMS (6600m)
APIM,Api Main,Andrzej Bielun,1983 Win,Dec 25,,Poland,M,37,No,Y,Fall (7000m)
BARU,Baruntse,Julien Graux,1980 Spr,Apr 28,15:00,France,M,33,No,.,Fall (6900m)
BARU,Baruntse,Philippe Grezat,1980 Spr,Apr 28,15:00,France,M,23,No,.,Fall (6900m)
BARU,Baruntse,Aurobinda Kubir Rai,1990 Aut,Dec 31,,Nepal,M,0,No,.,Illness (non-AMS) (6000m)
BARU,Baruntse,"Kami Tenzi Sherpa (Surke, Khumbu)",1994 Aut,Oct 10,04:15,Nepal,M,32,No,.,Illness (non-AMS) (3520m)
BARU,Baruntse,Raoul (Lou) Wille,1998 Aut,Oct 11,12:00,USA,M,45,No,.,AMS (4300m)
BARU,Baruntse,Pasang Tsering Tamang,2000 Aut,Oct 22,,Nepal,M,51,No,.,Illness (non-AMS) (4300m)
BARU,Baruntse,Michael John Turner,2003 Spr,May 10,16:00,UK,M,36,No,.,Fall (5800m)
BARU,Baruntse,"Pasang Sherpa (Kanko, Solukhumbu)",2004 Aut,Oct 04,,Nepal,M,32,Y,.,AMS (5500m)
BARU,Baruntse,Norbu Bahadur Jirel,2004 Aut,Oct 22,,Nepal,M,35,No,.,AMS (5000m)
BARU,Baruntse,Kitab Sing Rai,2008 Spr,May 19,,Nepal,M,33,No,.,AMS (4260m)
BARU,Baruntse,"Chhuwang Nima Sherpa (Tesho, Khumbu)",2010 Aut,Oct 23,15:30,Nepal,M,43,No,.,Fall (7000m)
BARU,Baruntse,Jakub Vanek,2013 Aut,Oct 12,,Czech Republic,M,29,No,.,Disappearance (6600m)
BARU,Baruntse,Petr Machold,2013 Aut,Oct 12,,Czech Republic,M,40,No,.,Disappearance (6600m)
BAUD,Baudha,Yasuo Itaya,1970 Spr,Apr 24,15:00,Japan,M,26,No,.,Crevasse (6095m)
CHAK,Chako,Nikolay Apostolov Proev,2011 Aut,Oct 20,,Bulgaria,M,50,No,Y,Fall (0m)
CHAM,Chamlang,Kenshi Imai,2015 Aut,Nov 03,,Japan,M,33,No,.,Disappearance (6500m)
CHAM,Chamlang,Fumitaka Ichimura,2018 Aut,Oct 16,15:30,Japan,M,41,No,.,Fall (5900m)
CHEO,Cheo Himal,"Dawa Wangchu Sherpa (Kharte, Kharikhola, Solukhumbu)",1990 Aut,Oct 30,11:00,Nepal,M,32,No,.,Fall (6250m)
CHMN,Chamar North,Koichi Ikari,1983 Spr,May 24,00:30,Japan,M,21,No,.,Avalanche (5700m)
CHOB,Chobuje,Udo Ertl,1983 Aut,Oct 11,,Austria,M,22,No,.,Avalanche (5850m)
CHOB,Chobuje,Karl Pfeifer,1983 Aut,Oct 11,,Austria,M,43,No,.,Avalanche (5850m)
CHOL,Cholatse,Ji-Myung Jang,2011 Aut,Nov 11,16:16,S Korea,M,0,No,.,Fall (6000m)
CHOL,Cholatse,Hyung-Il Kim,2011 Aut,Nov 11,16:16,S Korea,M,43,No,.,Fall (6000m)
CHOY,Cho Oyu,Narendra Dhar (Nandu) Jayal,1958 Spr,Apr 28,04:00,India,M,31,Y,.,AMS (5600m)
CHOY,Cho Oyu,Claude Kogan,1959 Aut,Oct 02,,France,F,40,No,.,Avalanche (7100m)
CHOY,Cho Oyu,Ang Norbu Sherpa,1959 Aut,Oct 02,,Nepal,M,0,No,.,Avalanche (7100m)
CHOY,Cho Oyu,Chhowang Sherpa,1959 Aut,Oct 02,,Nepal,M,0,No,.,Avalanche (6900m)
CHOY,Cho Oyu,Claudine Van der Stratten,1959 Aut,Oct 02,,Belgium,F,35,No,.,Avalanche (7100m)
CHOY,Cho Oyu,Georg Huber,1964 Spr,May 04,,W Germany,M,24,No,.,AMS (7200m)
CHOY,Cho Oyu,Alois Thurmayr,1964 Spr,May 07,15:00,W Germany,M,27,No,.,AMS (6700m)
CHOY,Cho Oyu,Reinhard Karl,1982 Spr,May 19,05:00,W Germany,M,35,No,.,Avalanche (6550m)
CHOY,Cho Oyu,Pierre-Alain Steiner,1986 Aut,Oct 23,09:00,Switzerland,M,26,No,.,Fall (6900m)
CHOY,Cho Oyu,Stefan Woerner,1988 Spr,May 12,,Switzerland,M,38,No,Y,AMS (7350m)
CHOY,Cho Oyu,Daniel Bovero,1988 Aut,Sep 29,,France,M,43,No,.,AMS (5300m)
CHOY,Cho Oyu,"Lhakpa Nuru (Ang Lhakpa) Sherpa (Khunde, Khumbu)",1989 Win,Dec 25,15:20,Nepal,M,26,No,.,Fall (7800m)
CHOY,Cho Oyu,Chandra Gurung,1990 Sum,Dec 31,,Nepal,M,0,No,.,Illness (non-AMS) (4950m)
CHOY,Cho Oyu,Horst Wasmann,1991 Spr,May 11,17:15,Germany,M,51,No,.,Fall (6450m)
CHOY,Cho Oyu,Yuri Grebeniuk,1991 Aut,Oct 21,,USSR,M,33,Y,.,Falling Rock/Ice (7800m)
CHOY,Cho Oyu,Philippe Gerard Arnold Monnerat,1992 Spr,May 20,,Switzerland,M,41,No,.,Fall (7600m)
CHOY,Cho Oyu,Jean-Luc Beausire,1993 Win,Jan 24,,Switzerland,M,37,No,.,Fall (7500m)
CHOY,Cho Oyu,Juan-Carlos Piedra,1993 Win,Jan 24,,Switzerland,M,31,No,.,Fall (7500m)
CHOY,Cho Oyu,"Lhakpa Gyalu Sherpa (Chaurikharka, Khumbu)",1994 Aut,Oct 08,,Nepal,M,31,No,Y,Illness (non-AMS) (5400m)
CHOY,Cho Oyu,Friedrich (Fritz) Zintl,1996 Spr,Apr 20,,Germany,M,63,No,.,Illness (non-AMS) (4800m)
CHOY,Cho Oyu,Hiroshi Oya,1996 Aut,Oct 06,,Japan,M,36,Y,.,AMS (8150m)
CHOY,Cho Oyu,Lubos Becak,1996 Aut,Oct 10,12:30,Czech Republic,M,35,No,Y,AMS (7400m)
CHOY,Cho Oyu,Viktor Stepanov,1998 Spr,Apr 30,10:00,Russia,M,35,No,.,Illness (non-AMS) (7000m)
CHOY,Cho Oyu,Gerald Roesner,1998 Spr,May 13,00:10,Germany,M,44,No,Y,Fall (7500m)
CHOY,Cho Oyu,Alexander (Alex) Jaggi,1998 Aut,Sep 26,,Switzerland,M,42,Y,Y,Illness (non-AMS) (7200m)
CHOY,Cho Oyu,Joan Carrillo Junca,1999 Win,Dec 31,,Spain,M,47,No,.,Fall (6600m)
CHOY,Cho Oyu,Noora Marketta Toivonen,2000 Spr,May 04,12:30,Finland,F,25,No,.,Fall (8100m)
CHOY,Cho Oyu,Pavel Bonadyssenko,2000 Spr,May 04,12:30,Russia,M,37,No,.,Fall (8100m)
CHOY,Cho Oyu,"Pasang Nima Sherpa (Phortse, Khumbu)",2000 Aut,Sep 20,,Nepal,M,0,No,.,Avalanche (6000m)
CHOY,Cho Oyu,"Pemba Gyalzen Sherpa (Phortse, Khumbu)",2000 Aut,Sep 20,,Nepal,M,0,No,.,Avalanche (6000m)
CHOY,Cho Oyu,"Pasang Nuru Sherpa (Phortse, Khumbu)",2000 Aut,Sep 20,,Nepal,M,0,No,.,Avalanche (6000m)
CHOY,Cho Oyu,Pavle Milosevic,2000 Aut,Oct 11,05:30,Yugoslavia,M,50,Y,.,Illness (non-AMS) (5800m)
CHOY,Cho Oyu,Su-Ya Kim,2001 Aut,Sep 09,11:00,S Korea,M,32,Y,.,AMS (5600m)
CHOY,Cho Oyu,"Chhong Ringee (Chewang Rinzen) Sherpa (Beding, Dolakha)",2002 Spr,Apr 30,,Nepal,M,38,No,.,Unknown (5600m)
CHOY,Cho Oyu,Adam Joseph Cinnamond,2002 Spr,May 14,,UK,M,34,No,.,Crevasse (6800m)
CHOY,Cho Oyu,Paul Bernard Carr,2003 Spr,May 14,15:00,Australia,M,42,Y,.,Illness (non-AMS) (7400m)
CHOY,Cho Oyu,Guenter Welkisch,2003 Spr,May 16,,Germany,M,50,No,.,AMS (0m)
CHOY,Cho Oyu,Christos Barouchas,2003 Aut,Oct 06,,Greece,M,36,No,Y,Exhaustion (7500m)
CHOY,Cho Oyu,Xabier Ormazabal,2004 Aut,Oct 13,18:00,Spain,M,23,No,.,Fall (7550m)
CHOY,Cho Oyu,Lubos Stacho,2005 Spr,May 11,07:00,Slovakia,M,39,No,.,Illness (non-AMS) (7000m)
CHOY,Cho Oyu,Raymund M. Spang,2006 Spr,May 09,13:00,Germany,M,57,No,Y,Fall (7800m)
CHOY,Cho Oyu,Guy Leveille,2008 Aut,Oct 03,03:45,Canada,M,45,Y,.,Fall (7400m)
CHOY,Cho Oyu,Miha Valic,2008 Aut,Oct 04,16:00,Slovenia,M,29,No,Y,AMS (6800m)
CHOY,Cho Oyu,Dennis Verhoeve,2009 Spr,Jun 02,,Netherlands,M,52,No,Y,Fall (7600m)
CHOY,Cho Oyu,Clifton Harlan Wells (Cliff) Maloney,2009 Aut,Sep 26,10:15,USA,M,71,Y,Y,Illness (non-AMS) (7000m)
CHOY,Cho Oyu,Sergei Nikitin,2010 Spr,May 03,,Russia,M,52,No,.,Unknown (6800m)
CHOY,Cho Oyu,Walter Nones,2010 Aut,Oct 03,10:00,Italy,M,38,No,.,Fall (7000m)
CHOY,Cho Oyu,Ronald Naar,2011 Spr,May 22,,Netherlands,M,56,.,.,AMS (6800m)
CHOY,Cho Oyu,Rostislav Krpec,2011 Aut,Sep 23,,Czech Republic,M,51,No,.,Illness (non-AMS) (6700m)
CHOY,Cho Oyu,Joerg Henry Manuel Henning,2011 Aut,Sep 26,,Germany,M,57,No,.,Avalanche (6400m)
CHOY,Cho Oyu,Shin-Yong Park,2018 Spr,May 16,,S Korea,M,28,.,.,Exhaustion (6400m)
CHOY,Cho Oyu,"Phujung (Phuchung) Bhote (Hatiya-1, Makalu-Barun)",2019 Spr,Apr 29,,Nepal,M,39,No,.,Crevasse (7200m)
CHRE,Churen Himal East,Dae-Sik Kwon,1988 Spr,Apr 11,,S Korea,M,23,No,.,Crevasse (6300m)
CHRW,Churen Himal West,R. B. Rana,1975 Aut,Dec 31,,Nepal,M,37,No,.,Unknown (0m)
CHRW,Churen Himal West,Amar Singh Tendal,1978 Spr,Mar 10,,Nepal,M,0,No,.,AMS (2100m)
CHRW,Churen Himal West,Hans Peter Hamm,1983 Aut,Oct 12,,W Germany,M,24,No,.,Avalanche (5800m)
CHRW,Churen Himal West,Christoph Hawlitschek,1983 Aut,Oct 12,,W Germany,M,22,No,.,Avalanche (5800m)
CHUG,Chukyima Go,Luis Felipe Valverde Guzman,2019 Aut,Oct 19,,Spain,M,44,No,Y,Fall (0m)
DHA1,Dhaulagiri I,Francisco Geronimo (Paco) Ibanez,1954 Spr,Jun 30,,Argentina,M,26,No,.,Exposure/Frostbite (7500m)
DHA1,Dhaulagiri I,Bal Bahadur ,1956 Spr,Dec 31,,Nepal,M,0,No,.,Avalanche (5300m)
DHA1,Dhaulagiri I,Heinrich (Heini) Roiss,1959 Spr,Apr 29,13:30,Austria,M,31,No,.,Crevasse (5700m)
DHA1,Dhaulagiri I,John Vincent Hoeman,1969 Spr,Apr 28,12:00,USA,M,25,No,.,Avalanche (5335m)
DHA1,Dhaulagiri I,"Pemba Phutar Sherpa (Monjo, Khumbu)",1969 Spr,Apr 28,12:00,Nepal,M,0,No,.,Avalanche (5335m)
DHA1,Dhaulagiri I,William B. Ross,1969 Spr,Apr 28,12:00,USA,M,30,No,.,Avalanche (5335m)
DHA1,Dhaulagiri I,David A. Seidman,1969 Spr,Apr 28,12:00,USA,M,22,No,.,Avalanche (5335m)
DHA1,Dhaulagiri I,"Tenzing Sherpa (Pangboche, Khumbu)",1969 Spr,Apr 28,12:00,Nepal,M,32,No,.,Avalanche (5335m)
DHA1,Dhaulagiri I,Paul Alexander Gerhard,1969 Spr,Apr 28,12:00,USA,M,26,No,.,Avalanche (5335m)
DHA1,Dhaulagiri I,Boyd Nixon Everett Jr.,1969 Spr,Apr 28,12:00,USA,M,35,No,.,Avalanche (5335m)
DHA1,Dhaulagiri I,Dorje Sherpa,1975 Spr,Mar 26,01:00,Nepal,M,0,No,.,Avalanche (4500m)
DHA1,Dhaulagiri I,Yoshitada Numao,1975 Spr,Mar 26,01:00,Japan,M,25,No,.,Avalanche (4500m)
DHA1,Dhaulagiri I,Tetsu Imura,1975 Spr,Mar 26,01:00,Japan,M,23,No,.,Avalanche (4500m)
DHA1,Dhaulagiri I,Pasang Kami Sherpa,1975 Spr,Mar 26,01:00,Nepal,M,0,No,.,Avalanche (4500m)
DHA1,Dhaulagiri I,Dakiya Sherpa,1975 Spr,Mar 26,01:00,Nepal,M,0,No,.,Avalanche (4500m)
DHA1,Dhaulagiri I,Katsumi Naganuma,1978 Spr,Apr 21,,Japan,M,33,No,.,Fall (6500m)
DHA1,Dhaulagiri I,Kiyoshi Kobayashi,1978 Aut,Sep 23,,Japan,M,28,No,.,Avalanche (6500m)
DHA1,Dhaulagiri I,Yujiro Fukasawa,1978 Aut,Sep 23,,Japan,M,28,No,.,Avalanche (6500m)
DHA1,Dhaulagiri I,Hiroshi Akuzawa,1978 Aut,Sep 23,,Japan,M,35,No,.,Avalanche (6500m)
DHA1,Dhaulagiri I,Katsuyoshi Kogure,1978 Aut,Oct 20,08:30,Japan,M,35,No,.,Fall (6450m)
DHA1,Dhaulagiri I,Jean-Louis Sabarly,1979 Spr,May 13,,France,M,28,No,.,Avalanche (7600m)
DHA1,Dhaulagiri I,Pemba Sherpa,1979 Spr,May 13,,Nepal,M,0,No,.,Other (7600m)
DHA1,Dhaulagiri I,Eric Poumailloux,1979 Spr,May 14,,France,M,26,No,.,Exhaustion (0m)
DHA1,Dhaulagiri I,Lynette Griffith,1980 Aut,Oct 07,14:15,Australia,F,27,No,.,Avalanche (5900m)
DHA1,Dhaulagiri I,Alberto Mario Serrano,1981 Spr,May 24,,Argentina,M,34,Y,.,Exposure/Frostbite (7400m)
DHA1,Dhaulagiri I,Chikahiro Chin,1983 Aut,Nov 07,,China,M,29,No,.,Illness (non-AMS) (4500m)
DHA1,Dhaulagiri I,Jan Simon,1984 Aut,Oct 23,,Czechoslovakia,M,25,No,Y,Fall (8000m)
DHA1,Dhaulagiri I,Franz Muellender,1986 Aut,Sep 21,20:30,Austria,M,24,No,.,Illness (non-AMS) (3700m)
DHA1,Dhaulagiri I,"Kami Sarki Sherpa (Namche Bazar, Khumbu)",1989 Aut,Sep 25,,Nepal,M,20,No,.,Avalanche (6900m)
DHA1,Dhaulagiri I,"Ajiwa Sherpa (Thami, Khumbu)",1989 Aut,Sep 25,,Nepal,M,36,No,.,Avalanche (6900m)
DHA1,Dhaulagiri I,Francesc (Quico) Dalmases Cunill,1989 Aut,Oct 09,,Spain,M,32,No,.,Disappearance (7600m)
DHA1,Dhaulagiri I, Unknown,1989 Win,Nov 28,,Nepal,M,17,No,.,Avalanche (4500m)
DHA1,Dhaulagiri I,Nuru Wangchuk Sherpa,1989 Win,Dec 25,,Nepal,M,30,No,.,Avalanche (6400m)
DHA1,Dhaulagiri I,Scott William McGrath,1989 Win,Dec 25,,USA,M,33,No,.,Avalanche (6400m)
DHA1,Dhaulagiri I,Gregory Barber,1989 Win,Dec 25,,USA,M,20,No,.,Avalanche (6400m)
DHA1,Dhaulagiri I,Wangel (Ongel) Sherpa (Solukhumbu),1990 Spr,Apr 29,,Nepal,M,35,No,.,Avalanche (6700m)
DHA1,Dhaulagiri I,Dainius Makauskas,1990 Aut,Oct 31,17:00,USSR,M,51,No,Y,Disappearance (8000m)
DHA1,Dhaulagiri I,Hubert Weinzerle,1992 Spr,May 02,05:00,Germany,M,37,No,.,Illness (non-AMS) (7000m)
DHA1,Dhaulagiri I,Sandita Isaila,1992 Spr,May 11,,Romania,F,42,No,.,Disappearance (6500m)
DHA1,Dhaulagiri I,Taina Coliban,1992 Spr,May 11,,Romania,F,48,No,.,Disappearance (6500m)
DHA1,Dhaulagiri I,Gary Ian Ball,1993 Aut,Oct 06,15:00,New Zealand,M,40,Y,.,AMS (6500m)
DHA1,Dhaulagiri I,Robert Baehler,1994 Aut,Sep 26,,Switzerland,M,45,No,.,Fall (7500m)
DHA1,Dhaulagiri I,Galina Tchekanova,1994 Aut,Oct 13,19:00,Ukraine,F,35,No,Y,Fall (7400m)
DHA1,Dhaulagiri I,Albrecht Hammann,1995 Spr,May 19,16:00,Germany,M,45,No,Y,Exposure/Frostbite (8150m)
DHA1,Dhaulagiri I,Hisayoshi Tawaraya,1995 Aut,Oct 06,,Japan,M,44,Y,Y,Fall (7500m)
DHA1,Dhaulagiri I,Nikos Papandreou,1998 Spr,May 01,,Greece,M,44,No,.,Fall (7500m)
DHA1,Dhaulagiri I,Chantal Mauduit,1998 Spr,May 11,,France,F,34,No,.,Falling Rock/Ice (6550m)
DHA1,Dhaulagiri I,"Ang Tshering Sherpa (Thami, Khumbu)",1998 Spr,May 11,,Nepal,M,41,No,.,Falling Rock/Ice (6550m)
DHA1,Dhaulagiri I,Charalampos (Babis) Tsoupras,1998 Aut,Oct 02,16:00,Greece,M,36,No,.,Fall (8100m)
DHA1,Dhaulagiri I,Dawa Dorje Sherpa (Makalu-Barun),1999 Aut,Oct 24,09:00,Nepal,M,0,No,.,Avalanche (6750m)
DHA1,Dhaulagiri I,Ginette Lesley Harrison,1999 Aut,Oct 24,09:00,UK,F,41,No,.,Avalanche (6750m)
DHA1,Dhaulagiri I,Soo-Ho Lee,2000 Aut,Sep 29,08:20,S Korea,M,35,No,.,Avalanche (5600m)
DHA1,Dhaulagiri I,"Chuldim Gyalzen Sherpa (Namche Bazar, Khumbu)",2000 Aut,Oct 02,,Nepal,M,36,No,.,Avalanche (6600m)
DHA1,Dhaulagiri I,Jose Antonio (Pepe) Garces Galindo,2001 Aut,Oct 12,,Spain,M,44,No,.,Fall (7800m)
DHA1,Dhaulagiri I,Masashi Fukumoto,2001 Aut,Oct 14,,Japan,M,27,No,.,Fall (6500m)
DHA1,Dhaulagiri I,Ryushi Hoshino,2001 Aut,Oct 14,,Japan,M,33,No,.,Fall (6500m)
DHA1,Dhaulagiri I,Yukihiko Shinagawa,2001 Aut,Oct 14,,Japan,M,33,No,.,Fall (6500m)
DHA1,Dhaulagiri I,Joze Sepic,2004 Spr,May 19,,Slovenia,M,56,Y,.,Fall (4700m)
DHA1,Dhaulagiri I,Sergio Dalla Longa,2007 Spr,Apr 29,,Italy,M,48,No,.,Fall (8160m)
DHA1,Dhaulagiri I,Santiago Sagaste Ayesa,2007 Spr,May 13,08:50,Spain,M,33,No,.,Avalanche (6700m)
DHA1,Dhaulagiri I,Ricardo Valencia Martinez,2007 Spr,Aug 13,08:50,Spain,M,47,No,.,Avalanche (6700m)
DHA1,Dhaulagiri I,Dario Alejandro Bracali,2008 Spr,May 02,,Argentina,M,35,No,.,Disappearance (0m)
DHA1,Dhaulagiri I,Rafael Guillen,2008 Spr,May 02,16:00,Spain,M,35,No,.,Fall (6800m)
DHA1,Dhaulagiri I,Piotr Jerzy Morawski,2009 Spr,Apr 08,09:00,Poland,M,32,No,.,Crevasse (5500m)
DHA1,Dhaulagiri I,Mehdi Etemadfar,2009 Spr,May 01,16:30,Iran,M,53,No,.,Fall (8050m)
DHA1,Dhaulagiri I,Liang Zhao,2010 Spr,May 13,,China,M,34,Y,Y,Fall (7400m)
DHA1,Dhaulagiri I,Bin Li,2010 Spr,May 13,,China,M,47,Y,Y,Exhaustion (7600m)
DHA1,Dhaulagiri I,Xin Han,2010 Spr,May 13,,China,M,40,Y,Y,Fall (7400m)
DHA1,Dhaulagiri I,Daisuke Honda,2010 Aut,Sep 28,10:00,Japan,M,32,No,.,Avalanche (0m)
DHA1,Dhaulagiri I,Osamu Tanabe,2010 Aut,Sep 28,10:00,Japan,M,49,No,.,Avalanche (5300m)
DHA1,Dhaulagiri I,Toshio Yamamoto,2010 Aut,Sep 28,10:00,Japan,M,36,No,.,Avalanche (5400m)
DHA1,Dhaulagiri I,"Pasang Gelu Sherpa (Dhimbul, Gudel, Solukhumbu)",2010 Aut,Sep 28,10:00,Nepal,M,46,No,.,Avalanche (6700m)
DHA1,Dhaulagiri I,Chizuko Kono,2013 Spr,May 23,,Japan,F,66,Y,.,AMS (7700m)
DHA1,Dhaulagiri I,Juan Jose (Juanjo) Garra Lorenzo,2013 Spr,May 23,,Spain,M,49,No,.,Fall (8000m)
DHA1,Dhaulagiri I,"Dawa Sherpa (Damdi, Tapting, Solukhumbu)",2013 Spr,May 23,,Nepal,M,41,Y,.,Fall (7500m)
DHA1,Dhaulagiri I,"Dorje Sherpa (Jubing-2, Solukhumbu)",2014 Aut,Oct 14,22:30,Nepal,M,0,No,.,Avalanche (4750m)
DHA1,Dhaulagiri I,Jan Matlak,2014 Aut,Oct 14,22:30,Slovakia,M,60,No,.,Avalanche (4750m)
DHA1,Dhaulagiri I,Vladimir Svancar,2014 Aut,Oct 14,22:30,Slovakia,M,59,No,.,Avalanche (4750m)
DHA1,Dhaulagiri I,Bhoj Kumar Rai,2014 Aut,Oct 14,22:30,Nepal,M,0,No,.,Avalanche (4750m)
DHA1,Dhaulagiri I,Gopal Rai,2014 Aut,Oct 14,22:30,Nepal,M,0,No,.,Avalanche (4750m)
DHA1,Dhaulagiri I,Christiaan Johan Wilson,2016 Spr,Dec 31,,Netherlands,M,35,No,.,Disappearance (0m)
DHA1,Dhaulagiri I,Rajib Bhattarcharya,2016 Spr,May 19,,India,M,42,No,.,AMS (6600m)
DHA1,Dhaulagiri I,"Ang Ngima Sherpa (Chaurikharka-3, Khumbu)",2017 Spr,May 20,,Nepal,M,33,Y,Y,Exposure/Frostbite (7900m)
DHA1,Dhaulagiri I,Simone La Terra,2018 Spr,Apr 29,16:00,Italy,M,36,No,.,Fall (6976m)
DHA1,Dhaulagiri I,"Dawa Gyaljen (Ang Dawa) Sherpa (Makalu-5, Makalu-Barun)",2018 Aut,Sep 19,,Nepal,M,24,No,.,Avalanche (6600m)
DHA2,Dhaulagiri II,Lhakpa Gelbu Sherpa,1965 Spr,Mar 28,,Nepal,M,24,No,.,Avalanche (5300m)
DHA2,Dhaulagiri II,Mingma Tenzing Sherpa,1965 Spr,Mar 28,,Nepal,M,28,No,.,Avalanche (5300m)
DHA2,Dhaulagiri II,Sung-Gyu Kim,1986 Spr,May 12,19:30,S Korea,M,23,No,Y,Fall (7300m)
DHA2,Dhaulagiri II,Farman Tamang (Nuwakot),2007 Aut,Sep 20,,Nepal,M,26,No,.,Falling Rock/Ice (0m)
DHA4,Dhaulagiri IV,Kurt Ring,1969 Aut,Nov 10,,Austria,M,36,No,.,Disappearance (6900m)
DHA4,Dhaulagiri IV,Richard Hoyer,1969 Aut,Nov 10,,Austria,M,26,No,.,Disappearance (6900m)
DHA4,Dhaulagiri IV,Tenzing Nindra Sherpa,1969 Aut,Nov 10,,Nepal,M,0,No,.,Disappearance (6900m)
DHA4,Dhaulagiri IV,Peter Lavicka,1969 Aut,Nov 10,,Austria,M,28,No,.,Disappearance (6900m)
DHA4,Dhaulagiri IV,Peter Nemec,1969 Aut,Nov 10,,Austria,M,26,No,.,Disappearance (6900m)
DHA4,Dhaulagiri IV,Kurt Reha,1969 Aut,Nov 10,,Austria,M,20,No,.,Disappearance (6900m)
DHA4,Dhaulagiri IV,Takajuro Matsui,1972 Spr,Apr 30,12:45,Japan,M,34,No,.,AMS (6200m)
DHA4,Dhaulagiri IV,Alan Dewison,1973 Aut,Nov 19,16:00,UK,M,26,No,.,Fall (6300m)
DHA4,Dhaulagiri IV,Kancha Sherpa,1973 Aut,Nov 23,,Nepal,M,0,No,.,Avalanche (4300m)
DHA4,Dhaulagiri IV,Ang Tshering Sherpa,1974 Spr,Apr 14,09:15,Nepal,M,0,No,.,Avalanche (4890m)
DHA4,Dhaulagiri IV,Dawa Tenzing Sherpa,1974 Spr,Apr 14,09:15,Nepal,M,0,No,.,Avalanche (4890m)
DHA4,Dhaulagiri IV,Kami Sarki Sherpa,1974 Spr,Apr 14,09:15,Nepal,M,0,No,.,Avalanche (4890m)
DHA4,Dhaulagiri IV,Shiro Kawazu,1975 Spr,May 10,,Japan,M,31,No,Y,Fall (7400m)
DHA4,Dhaulagiri IV,Etsuro Yasuda,1975 Spr,May 10,,Japan,M,26,No,Y,Fall (7400m)
DHA5,Dhaulagiri V,Kenichi Aoki,1971 Spr,May 04,,Japan,M,0,No,.,Fall (7000m)
DHA5,Dhaulagiri V,Hidenobu Tezuka,1971 Spr,May 04,,Japan,M,0,No,.,Fall (7000m)
DHA5,Dhaulagiri V,Toshiumi Yanagisawa,1971 Spr,May 04,,Japan,M,0,No,.,Fall (7000m)
DHA5,Dhaulagiri V,Fukashi Chijiwa,1971 Aut,Oct 05,,Japan,M,0,No,.,Avalanche (5950m)
DORJ,Dorje Lhakpa,Kurt Schmierer,1994 Win,Dec 05,14:45,USA,M,38,No,.,Fall (5930m)
DORJ,Dorje Lhakpa,Andrej Zaman,2000 Aut,Oct 25,,Slovenia,M,24,No,.,Fall (6500m)
EVER,Everest,Alexander Mitchell Kellas,1921 Spr,Jun 05,,UK,M,52,No,.,Illness (non-AMS) (5700m)
EVER,Everest, Unknown,1921 Spr,Jun 30,,India,M,0,No,.,Illness (non-AMS) (4300m)
EVER,Everest,Dorje Sherpa,1922 Spr,Jun 07,13:30,Nepal,M,0,No,.,Avalanche (6800m)
EVER,Everest,Lhakpa Sherpa,1922 Spr,Jun 07,13:30,Nepal,M,0,No,.,Avalanche (6800m)
EVER,Everest,Norbu Sherpa,1922 Spr,Jun 07,13:30,Nepal,M,0,No,.,Avalanche (6800m)
EVER,Everest,Pasang Sherpa,1922 Spr,Jun 07,13:30,Nepal,M,0,No,.,Avalanche (6800m)
EVER,Everest,Pema Sherpa,1922 Spr,Jun 07,13:30,Nepal,M,0,No,.,Avalanche (6800m)
EVER,Everest,Sange Sherpa,1922 Spr,Jun 07,13:30,Nepal,M,0,No,.,Avalanche (6800m)
EVER,Everest,Temba Sherpa,1922 Spr,Jun 07,13:30,Nepal,M,0,No,.,Avalanche (6800m)
EVER,Everest,Shamsher Pun,1924 Spr,May 13,,Nepal,M,0,No,.,AMS (5300m)
EVER,Everest,Man Bahadur ,1924 Spr,May 25,,Nepal,M,0,No,.,Exposure/Frostbite (5000m)
EVER,Everest,Andrew Comyn (Sandy) Irvine,1924 Spr,Jun 08,,UK,M,22,Y,.,Disappearance (8200m)
EVER,Everest,George Herbert Leigh Mallory,1924 Spr,Jun 08,,UK,M,37,Y,.,Fall (8160m)
EVER,Everest,Maurice Wilson,1934 Spr,Jun 01,,UK,M,36,No,.,Exposure/Frostbite (6500m)
EVER,Everest,Mingma Dorje Sherpa,1952 Aut,Oct 31,10:00,Nepal,M,0,No,.,Falling Rock/Ice (6950m)
EVER,Everest,Ji Wang,1960 Spr,Dec 31,,China,M,0,.,.,AMS (6400m)
EVER,Everest,Nawang Tshering Sherpa,1962 Spr,Apr 27,16:00,Nepal,M,0,No,.,Falling Rock/Ice (6700m)
EVER,Everest,John Edgar (Jake) Breitenbach,1963 Spr,Mar 23,14:00,USA,M,27,No,.,Icefall Collapse (5800m)
EVER,Everest,Zhi-Qing Shou,1964 Spr,Dec 31,,China,M,0,.,.,AMS (7000m)
EVER,Everest,Gao-Shu Ma,1966 Spr,Dec 31,,China,M,0,Y,.,Fall (7540m)
EVER,Everest,"Phu Dorje Sherpa (Khumjung, Khumbu)",1969 Aut,Oct 18,,Nepal,M,32,.,.,Crevasse (5800m)
EVER,Everest,Kami Tsering Sherpa,1970 Spr,Apr 05,07:00,Nepal,M,45,No,.,Icefall Collapse (5700m)
EVER,Everest,Kunga Norbu Sherpa,1970 Spr,Apr 05,07:00,Nepal,M,33,No,.,Icefall Collapse (5700m)
EVER,Everest,Nima Dorje Sherpa,1970 Spr,Apr 05,07:00,Nepal,M,25,No,.,Icefall Collapse (5700m)
EVER,Everest,Nima Norbu Sherpa,1970 Spr,Apr 05,07:00,Nepal,M,42,No,.,Icefall Collapse (5700m)
EVER,Everest,Pasang Sherpa,1970 Spr,Apr 05,07:00,Nepal,M,44,No,.,Icefall Collapse (5700m)
EVER,Everest,Tshering Tarke Sherpa,1970 Spr,Apr 05,07:00,Nepal,M,50,No,.,Icefall Collapse (5700m)
EVER,Everest,"Kyak Tsering Sherpa (Namche Bazar, Khumbu)",1970 Spr,Apr 09,07:20,Nepal,M,30,No,.,Icefall Collapse (5525m)
EVER,Everest,Kyoshi Narita,1970 Spr,Apr 21,20:45,Japan,M,28,No,.,Illness (non-AMS) (6150m)
EVER,Everest,Harsh Vardhan Bahuguna,1971 Spr,Apr 18,18:00,India,M,32,No,.,Exposure/Frostbite (6800m)
EVER,Everest,Tony Tighe,1972 Aut,Nov 16,13:00,Australia,M,0,No,.,Crevasse (5900m)
EVER,Everest,"Jangbu Sherpa (Namche Bazar, Khumbu)",1973 Aut,Oct 12,,Nepal,M,28,No,.,Avalanche (6900m)
EVER,Everest,Gerard Devouassoux,1974 Aut,Sep 09,19:10,France,M,34,No,.,Avalanche (6400m)
EVER,Everest,Lhakpa Sherpa (Dolakha),1974 Aut,Sep 09,19:10,Nepal,M,0,No,.,Avalanche (6400m)
EVER,Everest,"Nawang Lotuk Sherpa (Thami, Khumbu)",1974 Aut,Sep 09,19:10,Nepal,M,0,No,.,Avalanche (6400m)
EVER,Everest,"Nima Wangchu Sherpa (Thami, Khumbu)",1974 Aut,Sep 09,19:10,Nepal,M,0,No,.,Avalanche (5800m)
EVER,Everest,"Pemba Dorje Sherpa (Namche Bazar, Khumbu)",1974 Aut,Sep 09,19:10,Nepal,M,24,No,.,Avalanche (6400m)
EVER,Everest,"Sanu Wangel Sherpa (Taksindu, Solukhumbu)",1974 Aut,Sep 09,19:10,Nepal,M,0,No,.,Avalanche (6400m)
EVER,Everest,Zong-Yue Guo,1975 Spr,May 04,,China,M,0,Y,.,Fall (8100m)
EVER,Everest,"Mingma Nuru Sherpa (Khunde, Khumbu)",1975 Aut,Aug 23,,Nepal,M,0,No,.,Other (5000m)
EVER,Everest,Michael (Mick) Burke,1975 Aut,Sep 26,14:00,UK,M,34,Y,.,Fall (8800m)
EVER,Everest,Terry Thompson,1976 Spr,Apr 10,17:00,UK,M,39,No,.,Crevasse (6600m)
EVER,Everest,Ming-Ji Shi,1978 Spr,Dec 31,,China,M,0,.,.,AMS (5700m)
EVER,Everest,"Dawa Nuru Sherpa (Thami, Khumbu)",1978 Spr,Apr 18,13:45,Nepal,M,22,No,.,Icefall Collapse (5800m)
EVER,Everest,"Ang Phu Sherpa (Khumjung, Khumbu)",1979 Spr,May 16,07:30,Nepal,M,28,Y,Y,Fall (7600m)
EVER,Everest,Raymond Edward (Ray) Genet,1979 Aut,Oct 03,,USA,M,48,Y,Y,Exhaustion (8000m)
EVER,Everest,Hannelore Schmatz,1979 Aut,Oct 03,07:00,W Germany,F,39,Y,Y,Exhaustion (8350m)
EVER,Everest,Nima Tashi ,1979 Aut,Oct 12,,China,M,0,No,.,Avalanche (6800m)
EVER,Everest,San Luo,1979 Aut,Oct 12,,China,M,0,No,.,Avalanche (6800m)
EVER,Everest,Hong-Bao Wang,1979 Aut,Oct 12,,China,M,0,No,.,Avalanche (6800m)
EVER,Everest,Akira Ube,1980 Spr,May 02,,Japan,M,31,Y,.,Avalanche (8300m)
EVER,Everest,Nawang Kersang Sherpa,1980 Aut,Sep 06,06:00,Nepal,M,0,No,.,Icefall Collapse (5700m)
EVER,Everest,Mario (Franco) Piana,1980 Aut,Sep 22,10:30,Italy,M,37,No,.,Avalanche (6400m)
EVER,Everest,Noboru Takenaka,1980 Win,Jan 12,10:00,Japan,M,28,No,.,Fall (6800m)
EVER,Everest,Mary Francis (Marty) Hoey,1982 Spr,May 15,17:30,USA,F,30,No,.,Fall (7950m)
EVER,Everest,Peter David Boardman,1982 Spr,May 17,,UK,M,31,No,.,Disappearance (8230m)
EVER,Everest,Joseph Thomas (Joe) Tasker,1982 Spr,May 17,,UK,M,34,No,.,Disappearance (8230m)
EVER,Everest,"Ang Chuldin Sherpa (Khumjung, Khumbu)",1982 Aut,Aug 31,05:30,Nepal,M,20,No,.,Avalanche (5600m)
EVER,Everest,"Dawa Dorje Sherpa (Thami, Khumbu)",1982 Aut,Aug 31,05:30,Nepal,M,42,No,.,Avalanche (5600m)
EVER,Everest,"Pasang Sana Sherpa (Khunde, Khumbu)",1982 Aut,Aug 31,05:30,Nepal,M,30,No,.,Avalanche (5600m)
EVER,Everest,George Blair Griffiths,1982 Aut,Sep 02,09:00,Canada,M,33,No,.,Icefall Collapse (5800m)
EVER,Everest,"Lhakpa Tshering Sherpa (Namche Bazar, Khumbu)",1982 Aut,Sep 27,13:30,Nepal,M,38,.,.,Illness (non-AMS) (6770m)
EVER,Everest,Nima Dorje Sherpa,1982 Aut,Oct 14,10:30,Nepal,M,22,Y,.,Fall (8300m)
EVER,Everest,Yasuo Kato,1982 Win,Dec 28,,Japan,M,33,Y,Y,Fall (8800m)
EVER,Everest,Toshiaki Kobayashi,1982 Win,Dec 28,,Japan,M,34,Y,.,Fall (8800m)
EVER,Everest,Pasang Temba Sherpa,1983 Aut,Oct 08,17:00,Nepal,M,0,No,.,Fall (8600m)
EVER,Everest,Hironobu Kamuro,1983 Aut,Oct 08,18:00,Japan,M,31,No,Y,Fall (8800m)
EVER,Everest,Hiroshi Yoshino,1983 Aut,Oct 09,06:30,Japan,M,33,No,Y,Fall (8800m)
EVER,Everest,"Ang Rinji Sherpa (Rimijung (Phakding), Khumbu)",1984 Spr,Mar 26,08:08,Nepal,M,49,No,.,Avalanche (5600m)
EVER,Everest,Jangbir Rai,1984 Spr,Mar 28,,Nepal,M,0,No,.,AMS (4900m)
EVER,Everest,Anthony Mark (Tony) Swierzy,1984 Spr,Apr 03,06:15,UK,M,27,No,.,Avalanche (6500m)
EVER,Everest,Christo Ivanov Prodanov,1984 Spr,Apr 21,,Bulgaria,M,41,No,Y,Exposure/Frostbite (8600m)
EVER,Everest,Craig Rupert Nottle,1984 Aut,Oct 09,07:30,Australia,M,23,No,.,Fall (8140m)
EVER,Everest,William Robert (Fred) From,1984 Aut,Oct 09,08:30,Australia,M,28,No,.,Fall (8140m)
EVER,Everest,Jozef Psotka,1984 Aut,Oct 15,,Czechoslovakia,M,50,No,Y,Fall (7900m)
EVER,Everest,"Ang Dorje Sherpa (Thamo, Khumbu)",1984 Aut,Oct 24,10:00,Nepal,M,35,No,.,Fall (8400m)
EVER,Everest,Yogendra Bahadur Thapa,1984 Aut,Oct 24,10:00,Nepal,M,36,Y,.,Fall (8400m)
EVER,Everest,Juanjo Navarro,1985 Spr,May 12,,Spain,M,0,No,.,Fall (7500m)
EVER,Everest,Shinichi Ishii,1985 Aut,Sep 17,,Japan,M,33,.,.,Avalanche (6900m)
EVER,Everest,Kiran Inder Kumar,1985 Aut,Oct 07,15:30,India,M,40,Y,.,Fall (8500m)
EVER,Everest,Jai Bahaguna,1985 Aut,Oct 10,,India,M,37,Y,.,Exposure/Frostbite (7900m)
EVER,Everest,Ranmit Singh Bakshi,1985 Aut,Oct 10,,India,M,24,Y,.,Exposure/Frostbite (7950m)
EVER,Everest,Vijay Pal Singh Negi,1985 Aut,Oct 10,,India,M,28,Y,.,Exposure/Frostbite (7900m)
EVER,Everest,Maddirati Uday Bhaskar Rao,1985 Aut,Oct 10,,India,M,24,Y,.,Exposure/Frostbite (7900m)
EVER,Everest,Victor-Hugo Trujillo,1986 Sum,Aug 16,,Chile,M,22,.,.,Fall (7000m)
EVER,Everest,Simon Burkhardt,1986 Aut,Sep 28,,Switzerland,M,51,Y,.,Avalanche (7500m)
EVER,Everest,Gyalu Sherpa,1986 Aut,Oct 04,,Nepal,M,25,No,.,Icefall Collapse (5700m)
EVER,Everest,"Dawa Norbu Sherpa (Yilajung, Khumbu)",1986 Aut,Oct 17,,Nepal,M,29,No,.,Avalanche (6600m)
EVER,Everest,Tsuttin Dorji Sherpa,1986 Win,Jan 30,,Nepal,M,21,.,.,Fall (7500m)
EVER,Everest,Roger Gough Marshall,1987 Spr,May 21,10:00,Canada,M,45,No,.,Fall (6400m)
EVER,Everest,Masao Yokoyama,1987 Aut,Sep 02,,Japan,M,0,No,.,Other (5400m)
EVER,Everest,Mangal Singh (Nima) Tamang,1987 Aut,Oct 20,,Nepal,M,30,No,.,Avalanche (5800m)
EVER,Everest,Hidetaka Mizukoshi,1988 Spr,Apr 21,10:00,Japan,M,48,No,.,Illness (non-AMS) (5350m)
EVER,Everest,Michel Parmentier,1988 Aut,Sep 20,,France,M,38,No,.,Exposure/Frostbite (7700m)
EVER,Everest,Narayan Kumar Shrestha,1988 Aut,Sep 21,06:15,Nepal,M,28,No,.,Avalanche (7270m)
EVER,Everest,Lhakpa Sonam Sherpa (Makalu-Barun),1988 Aut,Oct 13,,Nepal,M,30,Y,Y,Fall (8500m)
EVER,Everest,"Pasang Temba Sherpa (Makalu-Barun (or Khumjung, Khumbu?))",1988 Aut,Oct 13,,Nepal,M,30,Y,.,Fall (8700m)
EVER,Everest,Dusan Becik,1988 Aut,Oct 17,17:30,Czechoslovakia,M,34,No,.,Fall (8300m)
EVER,Everest,Peter Bozik,1988 Aut,Oct 17,17:30,Czechoslovakia,M,34,No,.,Fall (8300m)
EVER,Everest,Jaroslav Jasko,1988 Aut,Oct 17,17:30,Czechoslovakia,M,26,No,.,Fall (8300m)
EVER,Everest,Jozef Just,1988 Aut,Oct 17,17:30,Czechoslovakia,M,33,No,Y,Fall (8300m)
EVER,Everest,"Lhakpa Dorje (Ang Lhakpa) Sherpa (Khunde, Khumbu)",1988 Win,Dec 23,08:00,Nepal,M,29,Y,.,Fall (8700m)
EVER,Everest,Dimitar Ilievski,1989 Spr,May 10,20:00,Yugoslavia,M,35,Y,Y,Fall (8500m)
EVER,Everest,"Phu Dorje Sherpa (Pangboche, Khumbu)",1989 Spr,May 16,16:00,Nepal,M,26,Y,Y,Fall (8600m)
EVER,Everest,Eugeniusz (Genek) Chrobak,1989 Spr,May 27,13:00,Poland,M,49,Y,Y,Avalanche (6000m)
EVER,Everest,Miroslaw Falco-Dasal,1989 Spr,May 27,13:00,Poland,M,36,Y,.,Avalanche (6000m)
EVER,Everest,Miroslaw Gardzielewski,1989 Spr,May 27,13:00,Poland,M,35,Y,.,Avalanche (6000m)
EVER,Everest,Zygmunt Andrzej (Zyga) Heinrich,1989 Spr,May 27,13:00,Poland,M,51,No,.,Avalanche (6000m)
EVER,Everest,Waclaw Otreba,1989 Spr,May 27,13:00,Poland,M,41,No,.,Avalanche (6000m)
EVER,Everest,"Ang Phinjo Sherpa (Khumjung, Khumbu)",1989 Win,Dec 12,15:05,Nepal,M,42,No,.,AMS (6500m)
EVER,Everest,Rafael Gomez-Menor Palacios,1990 Aut,Sep 12,,Spain,M,24,Y,.,Avalanche (6900m)
EVER,Everest,Badri Nath,1990 Aut,Sep 12,,Nepal,M,0,Y,.,Avalanche (6900m)
EVER,Everest,Ang Sona Sherpa,1990 Aut,Sep 12,,Nepal,M,0,Y,.,Avalanche (6900m)
EVER,Everest,Sang-Hun Ham,1990 Aut,Oct 07,17:00,S Korea,M,27,Y,.,Fall (8700m)
EVER,Everest,Ruediger Lang,1991 Spr,May 04,,Germany,M,35,No,.,Exposure/Frostbite (7900m)
EVER,Everest,Junichi Futagami,1991 Spr,May 27,13:30,Japan,M,39,Y,Y,Fall (8830m)
EVER,Everest,Raymond Jacob,1992 Spr,May 02,06:00,India,M,26,Y,.,Exposure/Frostbite (7900m)
EVER,Everest,Deepak Kulkarni,1992 Spr,May 02,06:00,India,M,31,No,.,Exposure/Frostbite (7800m)
EVER,Everest,"Subba Singh Tamang (Sigadi, Thulo Parsel, Kavre)",1992 Spr,May 11,,Nepal,M,43,No,.,Illness (non-AMS) (5350m)
EVER,Everest,Sher Singh,1992 Spr,May 22,16:00,India,M,0,No,.,Crevasse (5500m)
EVER,Everest,Manabu Hoshi,1992 Spr,May 23,,Japan,M,28,Y,.,Fall (8300m)
EVER,Everest,Nun Thapa,1992 Aut,Dec 31,,Nepal,M,0,No,.,Illness (non-AMS) (4270m)
EVER,Everest,Ang Gyalzen Sherpa,1992 Aut,Sep 09,,Nepal,M,41,No,.,Other (0m)
EVER,Everest,Ang Tshering Sherpa,1992 Win,Jan 15,,Nepal,M,0,No,.,Crevasse (6300m)
EVER,Everest,"Pasang Lhamu Sherpa (Surke, Khumbu & Kathmandu)",1993 Spr,Apr 23,07:30,Nepal,F,30,Y,Y,Exhaustion (8750m)
EVER,Everest,"Sonam Tshering Sherpa (Beding, Dolakha)",1993 Spr,Apr 23,07:30,Nepal,M,33,Y,Y,Fall (8750m)
EVER,Everest,Lobsang Tshering Bhotia,1993 Spr,May 10,,India,M,40,Y,Y,Fall (8600m)
EVER,Everest,Won-Woo Nam,1993 Spr,May 17,,S Korea,M,27,No,.,Fall (7800m)
EVER,Everest,Jin-Seob An,1993 Spr,May 17,09:30,S Korea,M,25,Y,Y,Fall (7600m)
EVER,Everest,Karl Gordon Henize,1993 Aut,Oct 05,,USA,M,66,No,.,AMS (6000m)
EVER,Everest,Antonio Miranda,1993 Aut,Oct 07,,Spain,M,35,Y,.,Fall (8300m)
EVER,Everest,Prem Thapa,1994 Spr,Apr 06,,Nepal,M,0,No,.,AMS (5150m)
EVER,Everest,Fang-Fang (Norman) Shih,1994 Spr,May 09,12:00,Taiwan,M,27,Y,Y,Exhaustion (8700m)
EVER,Everest,Giuseppe Vigani,1994 Spr,May 15,,Italy,M,43,Y,.,Fall (8000m)
EVER,Everest,Michael Anthony Rheinberger,1994 Spr,May 27,,Australia,M,53,Y,Y,Exhaustion (8680m)
EVER,Everest,"Mingma Norbu/Nuru Sherpa (Beding, Dolakha)",1994 Aut,Sep 12,12:00,Nepal,M,24,No,.,Avalanche (6750m)
EVER,Everest,Kami Rita Sherpa,1995 Spr,May 06,,Nepal,M,22,No,.,Fall (7100m)
EVER,Everest,Xavier Lamas Miralles,1995 Aut,Dec 31,,Spain,M,32,No,.,Avalanche (0m)
EVER,Everest,"Lhakpa Nuru Sherpa (Kharikhola, Solukhumbu)",1995 Aut,Sep 10,,Nepal,M,30,No,.,Avalanche (6900m)
EVER,Everest,"Jangbu Sherpa (Nele (Paphlu), Solukhumbu)",1995 Aut,Oct 14,,Nepal,M,28,Y,Y,Fall (8800m)
EVER,Everest,"Nawang Dorje Sherpa (Rolwaling, Dolakha)",1996 Spr,Apr 23,,Nepal,M,0,No,.,AMS (6450m)
EVER,Everest,Yu-Nan Chen,1996 Spr,May 09,06:00,Taiwan,M,36,Y,.,Fall (7200m)
EVER,Everest,Douglas (Doug) Hansen,1996 Spr,May 10,,USA,M,46,Y,Y,Exposure/Frostbite (8700m)
EVER,Everest,Andrew Michael (Andy) Harris,1996 Spr,May 10,,New Zealand,M,31,Y,Y,Fall (8400m)
EVER,Everest,Dorje Morup ,1996 Spr,May 11,,India,M,47,Y,Y,Exposure/Frostbite (8680m)
EVER,Everest,Tsewang Paljor ,1996 Spr,May 11,,India,M,28,Y,Y,Exposure/Frostbite (8550m)
EVER,Everest,Tsewang Smanla,1996 Spr,May 11,,India,M,38,Y,Y,Exposure/Frostbite (8700m)
EVER,Everest,Yasuko Namba,1996 Spr,May 11,03:00,Japan,F,47,Y,Y,Exposure/Frostbite (7900m)
EVER,Everest,Scott Eugene Fischer,1996 Spr,May 11,12:00,USA,M,40,Y,Y,Exposure/Frostbite (8400m)
EVER,Everest,Robert Edwin (Rob) Hall,1996 Spr,May 11,17:00,New Zealand,M,35,Y,Y,Exposure/Frostbite (8700m)
EVER,Everest,Reinhard Wlasich,1996 Spr,May 19,01:45,Austria,M,45,Y,.,AMS (8250m)
EVER,Everest,Bruce Herrod,1996 Spr,May 25,18:00,UK,M,37,Y,Y,Fall (8750m)
EVER,Everest,Yves Bouchon,1996 Aut,Sep 21,,France,M,47,No,.,Avalanche (7800m)
EVER,Everest,"Dawa Sherpa (Salleri, Solukhumbu)",1996 Aut,Sep 21,,Nepal,M,35,No,.,Avalanche (7800m)
EVER,Everest,"Lobsang Jangbu Sherpa (Beding, Dolakha)",1996 Aut,Sep 21,,Nepal,M,25,No,.,Avalanche (7800m)
EVER,Everest,Malcolm (Mal) Duff,1997 Spr,Apr 22,,UK,M,43,No,.,Illness (non-AMS) (5350m)
EVER,Everest,"Nima Rinji Sherpa (Lokhim, Solukhumbu)",1997 Spr,May 06,,Nepal,M,30,No,.,Fall (7600m)
EVER,Everest,Nikolai Chevtchenko,1997 Spr,May 07,,Russia,M,52,Y,Y,Exposure/Frostbite (8700m)
EVER,Everest,Ivan Plotnikov,1997 Spr,May 07,,Russia,M,36,Y,Y,Exposure/Frostbite (8700m)
EVER,Everest,"Mingmar (Mingma) Tamang (Chimding, Kerung, Solukhumbu)",1997 Spr,May 07,,Nepal,M,35,Y,.,Fall (8500m)
EVER,Everest,Alexandre Torochin,1997 Spr,May 07,14:00,Russia,M,45,Y,.,Fall (8500m)
EVER,Everest,Peter Andreas Kowalzik,1997 Spr,May 08,,Germany,M,29,No,.,Disappearance (8560m)
EVER,Everest,"Tenzing Nuru Sherpa (Yilajung (Thami), Khumbu)",1997 Spr,May 25,,Nepal,M,27,Y,Y,Fall (8800m)
EVER,Everest,Byung-Soo Choi,1997 Aut,Sep 08,,S Korea,M,33,No,.,Avalanche (6800m)
EVER,Everest,Sergei Anatolievich Arsentiev,1998 Spr,May 23,,Russia,M,39,No,Y,Disappearance (8500m)
EVER,Everest,Francys Distefano-Arsentiev,1998 Spr,May 24,08:45,USA,F,40,No,Y,Exposure/Frostbite (8600m)
EVER,Everest,Roger Buick,1998 Spr,May 26,,New Zealand,M,52,No,.,Exposure/Frostbite (7400m)
EVER,Everest,Mark Howard Jennings,1998 Spr,May 26,,UK,M,49,Y,Y,AMS (8200m)
EVER,Everest,Vasili (Vazyl) Kopytko,1999 Spr,May 08,,Ukraine,M,34,No,Y,Exposure/Frostbite (8500m)
EVER,Everest,Michael Robert Matthews,1999 Spr,May 13,,UK,M,22,Y,Y,Fall (8600m)
EVER,Everest,Tadeusz (Tadek) Kudelski,1999 Spr,May 18,17:00,Poland,M,44,Y,Y,Fall (8600m)
EVER,Everest,Pascal Debrouwer,1999 Spr,May 19,,Belgium,M,29,Y,Y,Fall (8400m)
EVER,Everest,Jeppe Stoltz,2000 Spr,May 20,06:30,Denmark,M,27,No,.,Fall (8500m)
EVER,Everest,Geng-Hua Yan,2000 Spr,May 21,,China,M,41,Y,Y,Exposure/Frostbite (8750m)
EVER,Everest,"Babu Chiri (Babu Tshering) Sherpa (Chhulemu, Taksindu, Solukhumbu)",2001 Spr,Apr 29,16:00,Nepal,M,35,No,.,Crevasse (6400m)
EVER,Everest,Peter Gerfried Ganner,2001 Spr,May 23,08:00,Austria,M,57,Y,.,Fall (8500m)
EVER,Everest,Mark Auricht,2001 Spr,May 24,07:00,Australia,M,37,Y,.,Illness (non-AMS) (7900m)
EVER,Everest,Aleksei (Alex) Nikiforov,2001 Spr,May 24,17:00,Russia,M,45,Y,.,AMS (8400m)
EVER,Everest,Santor Gardos,2001 Aut,Oct 17,,Hungary,M,38,No,.,Fall (7000m)
EVER,Everest,Peter Legate,2002 Spr,Apr 30,06:30,UK,M,38,No,.,Fall (7000m)
EVER,Everest,Zoran Miletic,2002 Spr,May 17,,Yugoslavia,M,41,Y,.,Unknown (7800m)
EVER,Everest,Marco Siffredi,2002 Aut,Sep 08,13:15,France,M,23,Y,Y,Fall (8600m)
EVER,Everest,Arnaud Saulnier,2003 Spr,Apr 08,,France,M,30,No,.,Illness (non-AMS) (5300m)
EVER,Everest,"Karma Gyalzen Sherpa (Kurima, Sotang, Solukhumbu)",2003 Spr,May 24,19:30,Nepal,M,28,No,.,AMS (6000m)
EVER,Everest,Jan Krysztof Liszewski,2003 Spr,May 25,,Poland,M,55,No,.,Fall (7600m)
EVER,Everest,"Bhim Bahadur Gurung (Karmaiya, Sarlahi)",2003 Spr,May 27,,Nepal,M,38,Y,Y,Crevasse (5900m)
EVER,Everest,Nils P. Antezana,2004 Spr,May 18,,USA,M,69,Y,Y,Exhaustion (8500m)
EVER,Everest,Joon-Ho Baek,2004 Spr,May 18,,S Korea,M,36,Y,.,Exhaustion (8500m)
EVER,Everest,Min Jang,2004 Spr,May 18,,S Korea,M,26,Y,Y,Exhaustion (8700m)
EVER,Everest,Mu-Taek Park,2004 Spr,May 18,,S Korea,M,34,Y,Y,Exposure/Frostbite (8500m)
EVER,Everest,Hristo Ganchev Hristov,2004 Spr,May 20,,Bulgaria,M,26,No,Y,Exhaustion (8600m)
EVER,Everest,Shoko Ota,2004 Spr,May 20,,Japan,F,63,Y,Y,Fall (8600m)
EVER,Everest,Mariana Prodanova Maslarova,2004 Spr,May 23,17:30,Bulgaria,F,43,Y,.,Disappearance (8700m)
EVER,Everest,Sean Egan,2005 Spr,Apr 28,,Canada,M,63,No,.,Illness (non-AMS) (4600m)
EVER,Everest,Michael Corey O'Brien,2005 Spr,May 02,12:00,USA,M,39,No,.,Crevasse (5800m)
EVER,Everest,Marko Lihteneker,2005 Spr,May 21,,Slovenia,M,35,Y,Y,Fall (8600m)
EVER,Everest,Sirigereshiva Shankarappa Chaitanya,2005 Spr,May 30,,India,M,31,Y,Y,Fall (8700m)
EVER,Everest,Dieter Kramer,2005 Spr,Jun 04,,Germany,M,49,Y,.,Illness (non-AMS) (8000m)
EVER,Everest,Robert William (Rob) Milne,2005 Spr,Jun 05,02:30,UK,M,48,Y,.,Illness (non-AMS) (8200m)
EVER,Everest,Tuk Bahadur Thapa Magar,2006 Spr,Apr 04,23:40,Nepal,M,32,No,.,AMS (7000m)
EVER,Everest,"Dawa Temba Sherpa (Thamo, Khumbu)",2006 Spr,Apr 21,07:30,Nepal,M,21,No,.,Icefall Collapse (5800m)
EVER,Everest,"Lhakpa Tshering/Chhiring Sherpa (Mende (Thamo), Khumbu)",2006 Spr,Apr 21,07:30,Nepal,M,35,No,.,Icefall Collapse (5800m)
EVER,Everest,"Tenzing Phinzo (Ang Phintso) Sherpa (Phortse, Khumbu)",2006 Spr,Apr 21,07:30,Nepal,M,53,No,.,Icefall Collapse (5800m)
EVER,Everest,Sri Kishan,2006 Spr,May 14,14:15,India,M,27,Y,Y,Fall (8400m)
EVER,Everest,David W. Sharp,2006 Spr,May 15,,UK,M,34,Y,.,Exhaustion (8500m)
EVER,Everest,Tomas Kenneth Olsson,2006 Spr,May 16,11:45,Sweden,M,30,Y,Y,Fall (8500m)
EVER,Everest,Jacques-Hughes Letrange,2006 Spr,May 17,18:00,France,M,39,Y,Y,Exhaustion (8600m)
EVER,Everest,Vitor Negrete,2006 Spr,May 19,02:00,Brazil,M,38,No,Y,AMS (8500m)
EVER,Everest,Igor Plyushkin,2006 Spr,May 22,11:30,Russia,M,54,Y,.,AMS (7800m)
EVER,Everest,Thomas Weber,2006 Spr,May 25,10:00,Germany,M,41,Y,.,Illness (non-AMS) (8700m)
EVER,Everest,"Dawa Sherpa (Mera, Kanku-9, Solukhumbu)",2007 Spr,Apr 26,,Nepal,M,46,No,.,Falling Rock/Ice (7200m)
EVER,Everest,Shinichi Ishii,2007 Spr,May 15,,Japan,M,63,Y,Y,AMS (8650m)
EVER,Everest,Yasuhiko Mochizuki,2007 Spr,May 16,,Japan,M,47,No,.,Unknown (7700m)
EVER,Everest,Hyun-Jo Lee,2007 Spr,May 16,01:45,S Korea,M,34,Y,.,Avalanche (7700m)
EVER,Everest,Hee-Joon Oh,2007 Spr,May 16,01:45,S Korea,M,36,Y,.,Avalanche (7700m)
EVER,Everest,Libor Kozak,2007 Spr,May 16,08:30,Czech Republic,M,47,Y,.,AMS (8300m)
EVER,Everest,Pierangelo Maurizio,2007 Spr,May 17,15:00,Italy,M,51,Y,Y,Disappearance (8800m)
EVER,Everest,Uwe Micha Johannes (Gianni) Goltz,2008 Spr,May 22,01:30,Switzerland,M,44,Y,Y,Exhaustion (8100m)
EVER,Everest,"Lhakpa Nuru Sherpa (Phurte, Khumbu)",2009 Spr,May 07,10:30,Nepal,M,33,No,.,Avalanche (5700m)
EVER,Everest,"Kazi Lama Sherpa (Taksindu-3, Solukhumbu)",2009 Spr,May 11,,Nepal,M,29,No,.,Illness (non-AMS) (5300m)
EVER,Everest,Veslav Chrzaszcz,2009 Spr,May 18,19:00,Czech Republic,M,47,No,.,Illness (non-AMS) (7000m)
EVER,Everest,Wen-Hong Wu,2009 Spr,May 19,04:00,China,M,40,Y,Y,AMS (8750m)
EVER,Everest,Frank Ziebarth,2009 Spr,May 21,,Germany,M,29,No,Y,AMS (8700m)
EVER,Everest,Laszlo Alfred (Konyi) Varkonyi,2010 Spr,Apr 26,12:00,Hungary,M,53,No,.,Avalanche (6800m)
EVER,Everest,Hiroshi Ogasawara,2010 Spr,May 25,01:30,Japan,M,62,Y,Y,Exhaustion (8400m)
EVER,Everest,Peter Kinloch,2010 Spr,May 26,02:00,UK,M,28,Y,Y,Exhaustion (8600m)
EVER,Everest,Rick Howe Hitch,2011 Spr,May 01,,USA,M,55,No,.,Illness (non-AMS) (7300m)
EVER,Everest,Shailendra Kumar Upadhyay,2011 Spr,May 09,16:00,Nepal,M,81,No,.,AMS (5600m)
EVER,Everest,Takashi Ozaki,2011 Spr,May 12,14:45,Japan,M,58,Y,.,AMS (8600m)
EVER,Everest,John Delaney,2011 Spr,May 21,04:30,Ireland,M,42,Y,.,Exhaustion (8750m)
EVER,Everest,"Karsang Namgyal/Namgel Sherpa (Thami, Khumbu)",2012 Spr,Apr 17,,Nepal,M,40,No,.,Illness (non-AMS) (5350m)
EVER,Everest,Ramesh Narad Gulave,2012 Spr,Apr 20,,India,M,33,No,.,Illness (non-AMS) (5350m)
EVER,Everest,"Namgyal Tshering (Namgyal Chhiri) Sherpa (Khumjung, Khumbu)",2012 Spr,Apr 21,,Nepal,M,29,No,.,Crevasse (6200m)
EVER,Everest,"Dawa Tenzing (Da Tenzing) Sherpa (Phortse, Khumbu)",2012 Spr,May 01,,Nepal,M,41,No,.,Illness (non-AMS) (6200m)
EVER,Everest,Wen-Yi Ha,2012 Spr,May 19,,China,M,54,Y,Y,Exhaustion (8400m)
EVER,Everest,Shriya Shah-Klorfine,2012 Spr,May 19,,Canada,F,33,Y,Y,Exhaustion (8400m)
EVER,Everest,Won-Bin Song,2012 Spr,May 19,,S Korea,M,44,Y,Y,AMS (8400m)
EVER,Everest,Erich Eberhard Schaaf,2012 Spr,May 19,15:00,Germany,M,61,Y,Y,AMS (8760m)
EVER,Everest,Ralf Dieter Arnold,2012 Spr,May 20,,Germany,M,41,No,Y,Fall (8700m)
EVER,Everest,Juan Jose Polo Carbayo,2012 Spr,May 20,,Spain,M,43,Y,Y,Exhaustion (8500m)
EVER,Everest,"Mingma Sherpa (Tapting, Solukhumbu)",2013 Spr,Apr 07,,Nepal,M,44,No,.,Crevasse (5800m)
EVER,Everest,Sergey Ponomarev,2013 Spr,May 05,,Russia,M,43,No,.,Other (6500m)
EVER,Everest,"Da Rita Sherpa (Phortse, Khumbu)",2013 Spr,May 05,,Nepal,M,36,No,.,Illness (non-AMS) (7300m)
EVER,Everest,"Lobsang Sherpa (Kharikhola, Solukhumbu)",2013 Spr,May 07,,Nepal,M,22,No,.,Fall (7500m)
EVER,Everest,Alexei Bolotov,2013 Spr,May 15,,Russia,M,50,No,.,Fall (5400m)
EVER,Everest,"Namgyal Sherpa (Rakha Bangdel-5, Khotang)",2013 Spr,May 16,08:00,Nepal,M,35,Y,Y,Illness (non-AMS) (8200m)
EVER,Everest,Mohammed Khalid Hossain,2013 Spr,May 21,05:00,Bangladesh,M,36,No,Y,AMS (8000m)
EVER,Everest,Sung-Ho Seo,2013 Spr,May 21,05:00,S Korea,M,33,No,Y,AMS (8000m)
EVER,Everest,"Mingma Tenzing Sherpa (Namche Bazar, Khumbu)",2014 Spr,Apr 02,,Nepal,M,26,No,.,AMS (5350m)
EVER,Everest,"Aash Bahadur Gurung (Laprak-7, Gorkha)",2014 Spr,Apr 18,06:45,Nepal,M,0,No,.,Avalanche (5800m)
EVER,Everest,Dorje Khatri,2014 Spr,Apr 18,06:45,Nepal,M,45,No,.,Avalanche (5800m)
EVER,Everest,"Ang Kazi (Ankaji) Sherpa (Chitre, Sisuwa-9, Makalu-Barun)",2014 Spr,Apr 18,06:45,Nepal,M,35,No,.,Avalanche (5800m)
EVER,Everest,"Ang Tshiri Sherpa (Thamo, Khumbu)",2014 Spr,Apr 18,06:45,Nepal,M,60,No,.,Avalanche (5800m)
EVER,Everest,"Chhiring Ongchu Sherpa (Khumjung, Khumbu)",2014 Spr,Apr 18,06:45,Nepal,M,33,No,.,Avalanche (5800m)
EVER,Everest,"Dorje Sherpa (Namche-6, Khumbu)",2014 Spr,Apr 18,06:45,Nepal,M,49,No,.,Avalanche (5800m)
EVER,Everest,"Lhakpa Tenjing Sherpa (Khumjung, Khumbu)",2014 Spr,Apr 18,06:45,Nepal,M,24,No,.,Avalanche (5800m)
EVER,Everest,"Mingma Nuru Sherpa (Namche-4, Khumbu)",2014 Spr,Apr 18,06:45,Nepal,M,31,No,.,Avalanche (5800m)
EVER,Everest,"Ngima Sherpa (Taksindu-3, Solukhumbu)",2014 Spr,Apr 18,06:45,Nepal,M,27,No,.,Avalanche (5800m)
EVER,Everest,"Pasang Karma Sherpa (Bupsa, Jubing-5, Solukhumbu)",2014 Spr,Apr 18,06:45,Nepal,M,38,No,.,Avalanche (5800m)
EVER,Everest,"Pem Tenji Sherpa (Chheskam-2, Solukhumbu)",2014 Spr,Apr 18,06:45,Nepal,M,0,No,.,Avalanche (5800m)
EVER,Everest,"Phur Temba Sherpa (Yaphu-9, Makalu-Barun)",2014 Spr,Apr 18,06:45,Nepal,M,24,No,.,Avalanche (5800m)
EVER,Everest,"Phurba Ongyal Sherpa (Pangboche, Khumbu)",2014 Spr,Apr 18,06:45,Nepal,M,25,No,.,Avalanche (5800m)
EVER,Everest,"Tenzing Chhetar Sherpa (Yilajung, Khumbu)",2014 Spr,Apr 18,06:45,Nepal,M,25,No,.,Avalanche (5800m)
EVER,Everest,"Thendorje (Thendu Dorje) Sherpa (Pangboche, Khumbu)",2014 Spr,Apr 18,06:45,Nepal,M,30,No,.,Avalanche (5800m)
EVER,Everest,"Chhewang Sherpa (Nunthala, Solukhumbu)",2014 Spr,May 01,,Nepal,M,19,No,.,Other (0m)
EVER,Everest,"Tenjin Bhote (Chepuwa-1, Makalu-Barun)",2015 Spr,Apr 24,11:55,Nepal,M,29,No,.,Avalanche (5350m)
EVER,Everest,Renu Fotedar,2015 Spr,Apr 25,11:50,Australia,F,59,No,.,Avalanche (5350m)
EVER,Everest,Daniel Paul (Dan) Fredinberg,2015 Spr,Apr 25,11:50,USA,M,33,No,.,Avalanche (5350m)
EVER,Everest,"Lhakpa Chhiring Sherpa (Khunde, Khumbu)",2015 Spr,Apr 25,11:50,Nepal,M,33,No,.,Avalanche (5350m)
EVER,Everest,Marisa Eve Girawong,2015 Spr,Apr 25,11:55,USA,F,28,No,.,Avalanche (5350m)
EVER,Everest,Krishna Kumar Kulung Rai,2015 Spr,Apr 25,11:55,Nepal,M,32,No,.,Avalanche (5350m)
EVER,Everest,Maila Rai,2015 Spr,Apr 25,11:55,Nepal,M,41,No,.,Avalanche (5350m)
EVER,Everest,"Chhimi Dawa Sherpa (Bung-9, Solukhumbu)",2015 Spr,Apr 25,11:55,Nepal,M,47,No,.,Avalanche (5350m)
EVER,Everest,"Dawa Chhiri Sherpa (Chaurikharka-2, Khumbu)",2015 Spr,Apr 25,11:55,Nepal,M,25,No,.,Avalanche (5350m)
EVER,Everest,"Jangbu Sherpa (Taksindu-5, Solukhumbu)",2015 Spr,Apr 25,11:55,Nepal,M,53,No,.,Avalanche (5350m)
EVER,Everest,"Pasang Temba Sherpa (Tengboche, Khumbu)",2015 Spr,Apr 25,11:55,Nepal,M,62,No,.,Avalanche (5350m)
EVER,Everest,"Pemba Sherpa (Taksindu-5, Solukhumbu)",2015 Spr,Apr 25,11:55,Nepal,M,19,No,.,Avalanche (5350m)
EVER,Everest,"Pemba Yishi (Hissi) Sherpa (Bung-9, Solukhumbu)",2015 Spr,Apr 25,11:55,Nepal,M,33,No,.,Avalanche (5350m)
EVER,Everest,Shiva Kumar Shrestha,2015 Spr,Apr 25,11:55,Nepal,M,25,No,.,Avalanche (5350m)
EVER,Everest,Eric Ary Arnold,2016 Spr,May 20,09:00,Netherlands,M,36,Y,Y,AMS (7900m)
EVER,Everest,Goutam Ghosh,2016 Spr,May 21,,India,M,50,Y,.,Disappearance (8700m)
EVER,Everest,Paresh Chandra Nath,2016 Spr,May 21,,India,M,58,Y,.,Disappearance (8700m)
EVER,Everest,Subhas Paul,2016 Spr,May 21,,India,M,43,Y,Y,Exhaustion (8760m)
EVER,Everest,Maria Elizabeth Strydom,2016 Spr,May 21,10:30,Australia,F,34,Y,.,AMS (7800m)
EVER,Everest,Min Bahadur Sherchan,2017 Spr,May 06,17:14,Nepal,M,85,No,.,Illness (non-AMS) (5350m)
EVER,Everest,Ravi Kumar,2017 Spr,May 20,20:00,India,M,26,Y,Y,Exhaustion (8400m)
EVER,Everest,Roland Anthony Yearwood,2017 Spr,May 20,23:59,USA,M,50,Y,.,AMS (8400m)
EVER,Everest,Francesco Enrico (Frank) Marchetti,2017 Spr,May 21,,Australia,M,53,Y,.,AMS (8220m)
EVER,Everest,Vladimir (Vlado) Strba,2017 Spr,May 21,17:00,Slovakia,M,48,No,.,AMS (7900m)
EVER,Everest,Goht Khuber Rai,2017 Spr,May 27,,Nepal,M,0,No,.,Illness (non-AMS) (5350m)
EVER,Everest,"Lama Babu Sherpa (Sakpharma, Lokhim-9, Solukhumbu)",2018 Spr,May 14,,Nepal,M,48,Y,Y,Fall (8750m)
EVER,Everest,"Pasang Nuru Sherpa (Kharikhola, Solukhumbu)",2018 Spr,May 17,,Nepal,M,40,Y,.,Exhaustion (8550m)
EVER,Everest,Georgi Petkov,2018 Spr,May 20,14:00,Macedonia,M,62,Y,.,Illness (non-AMS) (7500m)
EVER,Everest,Nobukazu Kuriki,2018 Spr,May 20,23:30,Japan,M,35,No,.,Fall (7200m)
EVER,Everest,"Damai Sarki Sherpa (Jubing-5, Solukhumbu)",2018 Spr,May 21,17:00,Nepal,M,30,Y,Y,Crevasse (6440m)
EVER,Everest,Ravi Thakur,2019 Spr,May 16,11:00,India,M,27,Y,Y,AMS (7900m)
EVER,Everest,Seamus Sean Lawless,2019 Spr,May 16,16:00,Ireland,M,39,Y,Y,Fall (7900m)
EVER,Everest,Donald Lynn Cash,2019 Spr,May 22,,USA,M,54,Y,Y,Exhaustion (8760m)
EVER,Everest,Anjali Sharad Kulkarni,2019 Spr,May 22,,India,F,53,Y,.,Exhaustion (8400m)
EVER,Everest,Nihal Ashpak Bagwan,2019 Spr,May 23,,India,M,26,Y,Y,Exhaustion (7900m)
EVER,Everest,Kalpana Dash,2019 Spr,May 23,,India,F,52,Y,Y,Exhaustion (8400m)
EVER,Everest,Kevin Gerard Hynes,2019 Spr,May 23,,Ireland,M,56,Y,.,Exhaustion (7000m)
EVER,Everest,Ernst Landgraf,2019 Spr,May 23,,Austria,M,64,Y,Y,Fall (8680m)
EVER,Everest,Dhruba Bista,2019 Spr,May 24,,Nepal,M,32,Y,.,AMS (7100m)
EVER,Everest,Robin Haynes Fisher,2019 Spr,May 25,,UK,M,44,Y,Y,AMS (8700m)
EVER,Everest,Christopher Jon Kulish,2019 Spr,May 27,16:00,USA,M,62,Y,Y,AMS (7900m)
FANG,Fang,Herbert Obernosterer,1979 Spr,May 02,19:30,Austria,M,26,No,.,Fall (6300m)
FANG,Fang, Unknown,1979 Aut,Oct 09,,Nepal,M,0,No,.,Fall (0m)
FANG,Fang,Yea-Hoon Kim,1997 Aut,Nov 08,,S Korea,M,25,No,.,Fall (7200m)
FIRN,Firnkopf,Karl Reiss,1954 Spr,May 31,,Austria,M,29,No,.,Illness (non-AMS) (6300m)
GAN1,Ganesh I,Eric Gauchat,1955 Aut,Oct 24,15:10,Switzerland,M,0,No,Y,Fall (6800m)
GAN2,Ganesh II,Kaoru Kuroiwa,1980 Aut,Oct 09,,Japan,M,26,No,.,Avalanche (5600m)
GAN2,Ganesh II,Masaru Mizuno,1980 Aut,Oct 09,,Japan,M,22,No,.,Avalanche (5600m)
GAN2,Ganesh II,Hiroshi Terui,1980 Aut,Oct 09,,Japan,M,35,No,.,Avalanche (5600m)
GAN3,Ganesh III,Andrzej Hartman,1983 Aut,Oct 23,13:00,Poland,M,34,No,.,Fall (6500m)
GAN4,Ganesh IV,David Sloane,1981 Spr,Apr 23,10:00,Australia,M,23,No,.,Avalanche (5800m)
GAN4,Ganesh IV,Boguslaw Janczala,1985 Aut,Nov 08,,Poland,M,29,No,.,Avalanche (6700m)
GAN4,Ganesh IV,Krysztof Przystal,1985 Aut,Nov 08,,Poland,M,27,No,.,Avalanche (6700m)
GAN4,Ganesh IV,Karol Sopicki,1985 Aut,Nov 08,,Poland,M,33,No,.,Avalanche (6700m)
GAN5,Ganesh V,Stefan Cieslar,2006 Aut,Oct 27,,France,M,36,No,.,Avalanche (5500m)
GAN5,Ganesh V,Jean-Baptiste Moreau,2006 Aut,Oct 27,,France,M,28,No,.,Avalanche (5500m)
GAN5,Ganesh V,Raphael Perrissin,2006 Aut,Oct 27,,France,M,30,No,.,Avalanche (5500m)
GAN5,Ganesh V,Vincent Villedieu,2006 Aut,Oct 27,,France,M,31,No,.,Avalanche (5500m)
GANG,Gangapurna,Masuo Hakoyama,1971 Aut,Oct 16,,Japan,M,0,No,.,Avalanche (5900m)
GANG,Gangapurna,Nawang Chottar Sherpa,1971 Aut,Oct 16,,Nepal,M,24,No,.,Avalanche (5900m)
GANG,Gangapurna,Ang Pemba Sherpa,1971 Aut,Oct 16,,Nepal,M,29,No,.,Avalanche (5900m)
GANG,Gangapurna,Ang Gyalzen Sherpa,1971 Aut,Oct 16,,Nepal,M,28,No,.,Avalanche (5900m)
GANG,Gangapurna,Kohei Sasakawa,1971 Aut,Oct 16,,Japan,M,0,No,.,Avalanche (5900m)
GANG,Gangapurna,Iwao Ogiso,1971 Aut,Oct 16,,Japan,M,0,No,.,Avalanche (5900m)
GANG,Gangapurna,"Girme Dorje Sherpa (Khunde, Khumbu)",1971 Aut,Oct 18,,Nepal,M,36,No,Y,Avalanche (6300m)
GANG,Gangapurna,Pemba Norbu Sherpa,1971 Aut,Oct 18,,Nepal,M,36,No,.,Avalanche (6300m)
GANG,Gangapurna,Takeshi Sakamoto,1981 Aut,Sep 29,06:00,Japan,M,29,No,.,Avalanche (6750m)
GANG,Gangapurna,Akira Suzuki,1981 Aut,Sep 29,06:00,Japan,M,24,No,.,Avalanche (6750m)
GANG,Gangapurna,Deepak Prasai,2009 Spr,Apr 28,,Nepal,M,32,No,.,AMS (3900m)
GAUR,Gaurishankar,Kensaku Sakai,1985 Spr,May 10,,Japan,M,28,No,.,Fall (5900m)
GIMM,Gimmigela Chuli,Masanori Sato,1993 Aut,Oct 18,07:30,Japan,M,30,No,.,Crevasse (7000m)
GIMM,Gimmigela Chuli,Kazunori Chikui,1994 Aut,Nov 10,,Japan,M,0,No,Y,Exposure/Frostbite (6900m)
GIMM,Gimmigela Chuli,Ishimori Takashima,1994 Aut,Nov 10,,Japan,M,0,No,Y,Exposure/Frostbite (6900m)
GURJ,Gurja Himal,Francois Soubrane,1976 Spr,May 05,15:00,France,M,34,No,Y,Fall (6800m)
GURJ,Gurja Himal,Christine Ertlen,1976 Spr,May 05,15:00,France,F,22,No,Y,Fall (6800m)
GURJ,Gurja Himal,Shoichi Kobayashi,1985 Spr,Apr 29,15:30,Japan,M,44,No,Y,Fall (6800m)
GURJ,Gurja Himal,Cezar Vergulescu,1985 Spr,May 15,,Romania,M,26,No,.,Falling Rock/Ice (6000m)
GURJ,Gurja Himal,"Chhiring Bhote (Hatiya-2, Makalu-Barun)",2018 Aut,Oct 10,,Nepal,M,31,No,.,Avalanche (3800m)
GURJ,Gurja Himal,Il-Jin Rim,2018 Aut,Oct 10,,S Korea,M,48,No,.,Avalanche (3800m)
GURJ,Gurja Himal,Jae-Hun Lee,2018 Aut,Oct 10,,S Korea,M,24,No,.,Avalanche (3800m)
GURJ,Gurja Himal,Chang-Ho Kim,2018 Aut,Oct 10,,S Korea,M,49,No,.,Avalanche (3800m)
GURJ,Gurja Himal,Joon-Mo Jeong,2018 Aut,Oct 10,,S Korea,M,54,No,.,Avalanche (3800m)
GURJ,Gurja Himal,Natra Bahadur Chantel,2018 Aut,Oct 10,,Nepal,M,29,No,.,Avalanche (3800m)
GURJ,Gurja Himal,"Phurbu Bhote (Hatiya-6, Makalu-Barun)",2018 Aut,Oct 10,,Nepal,M,22,No,.,Avalanche (3800m)
GURJ,Gurja Himal,"Lakpa Sangbu Bhote (Hatiya-6, Makalu-Barun)",2018 Aut,Oct 10,,Nepal,M,23,No,.,Avalanche (3800m)
GURJ,Gurja Himal,Young-Jik Yoo,2018 Aut,Oct 10,,S Korea,M,45,No,.,Avalanche (3800m)
GYAC,Gyachung Kang,Akio Otaki,1964 Spr,Apr 09,11:45,Japan,M,29,Y,.,Fall (7750m)
GYAC,Gyachung Kang,Shinichi Baba,1988 Aut,Oct 17,17:00,Japan,M,28,No,.,Fall (7300m)
HIME,Himalchuli East,Herbert Maddock,1953 Spr,Jun 21,,UK,M,23,No,.,Other (0m)
HIME,Himalchuli East,Arthur Herbert Firman,1955 Spr,May 16,,UK,M,42,No,.,Falling Rock/Ice (0m)
HIME,Himalchuli East,Nima Tenzing Sherpa,1959 Spr,May 04,,Nepal,M,0,Y,.,AMS (5790m)
HIME,Himalchuli East,Kazi Sherpa,1960 Spr,May 03,05:00,Nepal,M,0,No,.,Falling Rock/Ice (5180m)
HIME,Himalchuli East,Yoshiharu Kondo,1977 Spr,May 13,,Japan,M,33,No,.,Falling Rock/Ice (7400m)
HIME,Himalchuli East,"Lhakpa Norbu Sherpa (Thami, Khumbu)",1978 Spr,Apr 11,,Nepal,M,38,No,.,Other (0m)
HIME,Himalchuli East,Masayuki Fujita,1983 Aut,Oct 06,09:10,Japan,M,31,No,.,Fall (6300m)
HIME,Himalchuli East,Nobuhiro Hase,1983 Aut,Oct 06,09:10,Japan,M,27,No,.,Fall (6300m)
HIME,Himalchuli East,Peter Greskovits,1985 Spr,May 16,15:00,Hungary,M,33,No,.,Fall (6500m)
HIME,Himalchuli East,Sandor Csanadi,1985 Spr,May 16,15:00,Hungary,M,36,No,.,Fall (6500m)
HIME,Himalchuli East,Hizuru Nakamura,1986 Aut,Oct 26,,Japan,M,31,Y,Y,Fall (7800m)
HIME,Himalchuli East,Jacek (Jerzy) Klincewicz,1986 Win,Dec 30,12:00,Poland,M,34,No,.,Fall (4700m)
HIME,Himalchuli East,Chai-Hong Chung,1989 Aut,Sep 14,,S Korea,M,62,Y,.,AMS (4950m)
HIMJ,Himjung,Ayumi Nozawai,2003 Aut,Oct 02,12:00,Japan,M,39,No,.,Avalanche (6000m)
HIML,Himlung Himal,"Kaji Sherpa (Khijiphalate-9, Okhaldhunga)",2013 Aut,Sep 29,10:15,Nepal,M,42,No,.,Avalanche (6100m)
HIML,Himlung Himal,"Ngim Pasang Sherpa (Jubing-3, Solukhumbu)",2013 Aut,Sep 29,10:15,Nepal,M,35,No,.,Avalanche (6100m)
HIML,Himlung Himal,"Tendi Sherpa (Sanam, Gudel-4, Solukhumbu)",2013 Aut,Sep 29,10:15,Nepal,M,44,No,.,Avalanche (5850m)
HIML,Himlung Himal,"Mingmar Sherpa (Taksindu-6, Solukhumbu)",2016 Aut,Sep 27,,Nepal,M,42,No,.,Avalanche (6700m)
HIML,Himlung Himal,Fernando Sanchez Grassa,2019 Aut,Nov 01,,Spain,M,43,No,Y,AMS (6300m)
HIMN,Himalchuli North,Guenther Eisendle,1986 Aut,Oct 16,,Italy,M,22,No,.,Avalanche (6500m)
HIMN,Himalchuli North,Peter Wauer,1986 Aut,Oct 16,,W Germany,M,19,No,.,Avalanche (6500m)
HIMN,Himalchuli North,Wolfgang Weinzierl,1986 Aut,Oct 16,,W Germany,M,39,No,.,Avalanche (6500m)
HIUP,Hiunchuli,Hiroko Fuji,1979 Aut,Oct 09,14:30,Japan,F,28,No,.,Avalanche (4000m)
HIUP,Hiunchuli,Noriko Yamazaki,1979 Aut,Oct 09,14:30,Japan,F,28,No,.,Avalanche (4000m)
HIUP,Hiunchuli,Pasang Sherpa,1979 Aut,Oct 09,14:30,Nepal,M,0,No,.,Avalanche (4000m)
HIUP,Hiunchuli,Jun-Young Min,2009 Aut,Sep 25,,S Korea,M,0,No,.,Disappearance (5350m)
HIUP,Hiunchuli,Jong-Sung Park,2009 Aut,Sep 25,,S Korea,M,0,No,.,Disappearance (5350m)
JANE,Jannu East,Damjan Vidmar,1992 Aut,Sep 04,,Slovenia,M,31,No,.,Other (1000m)
JANE,Jannu East,Ziga Petric,1996 Aut,Oct 05,,Slovenia,M,25,No,.,Other (6000m)
JANE,Jannu East,Bojan Pockar,1996 Aut,Oct 05,,Slovenia,M,33,No,.,Other (6000m)
JANU,Jannu,Keiichi Oki,1976 Spr,Feb 02,17:45,Japan,M,0,No,.,AMS (4200m)
JANU,Jannu, Unknown,1979 Spr,Dec 31,,Nepal,M,0,No,.,Illness (non-AMS) (4400m)
JANU,Jannu,Keith Eggerton,1986 Aut,Nov 01,,Australia,M,30,No,.,AMS (6950m)
JANU,Jannu,Rudolf De Koning,1987 Aut,Oct 14,19:00,Netherlands,M,37,No,Y,Avalanche (5550m)
JANU,Jannu,Ger Friele,1987 Aut,Oct 14,19:00,Netherlands,M,30,No,Y,Avalanche (5550m)
JETH,Jethi Bahurani,Ang Temba Sherpa,1972 Aut,Oct 27,20:00,Nepal,M,0,No,.,Illness (non-AMS) (5100m)
JONG,Jongsang,Andrej Markovic,2000 Aut,Oct 06,20:00,Slovenia,M,24,No,.,Fall (7200m)
KAN1,Kande Hiunchuli North  I,Andrew C. F. Russell,1977 Spr,May 01,12:00,UK,M,25,No,.,Avalanche (5330m)
KANG,Kangchenjunga, Unknown,1905 Sum,Dec 31,,Nepal/India?,M,0,No,.,Fall (6100m)
KANG,Kangchenjunga, Unknown,1905 Sum,Sep 01,,Nepal/India?,M,0,No,.,Fall (6300m)
KANG,Kangchenjunga,Alexis A. Pache,1905 Sum,Sep 01,,Switzerland,M,0,No,.,Fall (6300m)
KANG,Kangchenjunga, Unknown,1905 Sum,Sep 01,,Nepal/India?,M,0,No,.,Fall (6300m)
KANG,Kangchenjunga, Unknown,1905 Sum,Sep 01,,Nepal/India?,M,0,No,.,Fall (6300m)
KANG,Kangchenjunga,Edgar Francis Farmer,1929 Spr,May 27,,USA,M,0,No,.,Disappearance (6000m)
KANG,Kangchenjunga,Chettan Sherpa,1930 Spr,May 08,,Nepal,M,0,No,.,Avalanche (6000m)
KANG,Kangchenjunga,Babu Lall ,1931 Sum,Dec 31,,Nepal,M,0,No,.,Illness (non-AMS) (4600m)
KANG,Kangchenjunga,Lobsang ,1931 Sum,Dec 31,,Nepal,M,0,No,.,Illness (non-AMS) (0m)
KANG,Kangchenjunga,Pasang Sherpa,1931 Sum,Aug 09,17:00,Nepal,M,0,No,.,Avalanche (6100m)
KANG,Kangchenjunga,Hermann (Xaverl) Schaller,1931 Sum,Aug 09,17:00,Germany,M,25,No,.,Avalanche (6100m)
KANG,Kangchenjunga,Pemi Dorje Sherpa,1955 Spr,May 26,,Nepal,M,0,No,.,Illness (non-AMS) (5485m)
KANG,Kangchenjunga,Sukhvinder Singh,1977 Spr,Apr 08,11:00,India,M,31,No,.,Fall (5900m)
KANG,Kangchenjunga,Jean-Jacques Ricouard,1981 Aut,Oct 15,15:30,France,M,28,No,Y,Fall (8000m)
KANG,Kangchenjunga,Chris Howard Chandler,1984 Win,Jan 15,20:00,USA,M,36,No,.,AMS (7620m)
KANG,Kangchenjunga,Andrzej (Leszek) Czok,1985 Win,Jan 11,22:00,Poland,M,37,No,.,AMS (7250m)
KANG,Kangchenjunga,Phu Dorjee Sherpa,1987 Spr,May 25,,India,M,37,No,Y,Fall (8500m)
KANG,Kangchenjunga,Phupu Bhotia,1987 Spr,May 25,,India,M,0,No,Y,Fall (8500m)
KANG,Kangchenjunga,Choten Tsering ,1987 Spr,May 25,,India,M,0,No,Y,Fall (8500m)
KANG,Kangchenjunga,Chander Singh,1987 Spr,May 31,13:30,India,M,0,No,Y,Fall (8500m)
KANG,Kangchenjunga,Dil Bahadur Rai,1987 Win,Dec 10,,Nepal,M,28,No,.,AMS (5300m)
KANG,Kangchenjunga,Sung-Ho Lee,1987 Win,Dec 11,,S Korea,M,35,No,.,Illness (non-AMS) (1900m)
KANG,Kangchenjunga,Sanjay Borole,1988 Spr,May 17,19:30,India,M,27,No,.,Exhaustion (6300m)
KANG,Kangchenjunga,Marija Frantar,1991 Spr,May 03,20:00,Yugoslavia,F,35,Y,.,Fall (8000m)
KANG,Kangchenjunga,Joze Rozman,1991 Spr,May 03,20:00,Yugoslavia,M,36,Y,.,Fall (8000m)
KANG,Kangchenjunga,Pasang Sherpa,1991 Spr,May 16,14:10,India,M,26,Y,.,Fall (8400m)
KANG,Kangchenjunga,Ang Dorje Sherpa,1992 Spr,Apr 25,23:00,Nepal,M,0,Y,.,Other (6600m)
KANG,Kangchenjunga,Lhakpa Nuru Sherpa,1992 Spr,Apr 25,23:00,Nepal,M,0,Y,.,Other (6600m)
KANG,Kangchenjunga,Wanda Rutkiewicz,1992 Spr,May 12,,Poland,F,49,No,.,Disappearance (8250m)
KANG,Kangchenjunga,Ekaterina Ivanova,1994 Aut,Oct 09,,Russia,F,32,No,.,Avalanche (6700m)
KANG,Kangchenjunga,Sergei Jvirbiva,1994 Aut,Oct 09,,Belarus,M,34,No,.,Avalanche (6700m)
KANG,Kangchenjunga,Iordanka Ivanova Dimitrova,1994 Aut,Oct 23,11:30,Bulgaria,F,41,No,.,Avalanche (8300m)
KANG,Kangchenjunga,Sukaraj Limbu,1995 Aut,Dec 31,,Nepal,M,0,No,.,AMS (0m)
KANG,Kangchenjunga,Pierre Alain Royer,1995 Aut,Oct 05,,France,M,41,No,.,Fall (8500m)
KANG,Kangchenjunga,Riku Sherpa (Makalu-Barun),1995 Aut,Oct 06,09:30,Nepal,M,33,No,.,Fall (8250m)
KANG,Kangchenjunga,Benoit Chamoux,1995 Aut,Oct 06,19:00,France,M,34,No,.,Fall (8350m)
KANG,Kangchenjunga,Atsushi Shiina,1998 Spr,May 16,03:00,Japan,M,27,No,Y,AMS (8200m)
KANG,Kangchenjunga,Kenzo Akasaka,1998 Spr,May 16,09:30,Japan,M,30,Y,Y,Fall (8000m)
KANG,Kangchenjunga,Do-Kyu Han,1999 Aut,Sep 14,10:30,S Korea,M,34,No,.,Avalanche (6600m)
KANG,Kangchenjunga,Myeong-Kun Hyun,1999 Aut,Sep 14,10:30,S Korea,M,31,No,.,Avalanche (6600m)
KANG,Kangchenjunga,"Ang Dawa (Dawa) Tamang (Lapcha, Gorakhani, Solukhumbu)",2000 Spr,Apr 23,10:00,Nepal,M,27,No,.,Falling Rock/Ice (6900m)
KANG,Kangchenjunga,Christopher Hugh (Chris) Grasswick,2002 Spr,May 24,17:50,Canada,M,39,No,Y,Fall (8400m)
KANG,Kangchenjunga,Inigo De Pineda Blanc,2007 Spr,May 24,10:00,Spain,M,38,No,.,Fall (8200m)
KANG,Kangchenjunga,Zsolt Eross,2013 Spr,May 20,,Hungary,M,45,No,Y,Exhaustion (8300m)
KANG,Kangchenjunga,Peter Kiss,2013 Spr,May 20,,Hungary,M,26,No,Y,Fall (8200m)
KANG,Kangchenjunga,"Bibas Gurung (Hatiya-7, Makalu-Barun)",2013 Spr,May 20,,Nepal,M,24,No,Y,Fall (8300m)
KANG,Kangchenjunga,"Phu Dorchi Sherpa (Walung, Makalu-9, Makalu-Barun)",2013 Spr,May 20,,Nepal,M,23,Y,Y,Fall (8000m)
KANG,Kangchenjunga,Nam-Soo Park,2013 Spr,May 20,,S Korea,M,46,Y,Y,Fall (7600m)
KANG,Kangchenjunga,Rodrigo Francisco Vivanco Figueroa,2019 Spr,May 15,18:00,Chile,M,49,No,Y,Disappearance (8586m)
KANG,Kangchenjunga,Biplab Baidya,2019 Spr,May 16,,India,M,48,Y,Y,Exposure/Frostbite (8450m)
KANG,Kangchenjunga,Kuntal Kanrar,2019 Spr,May 16,,India,M,46,Y,.,Exposure/Frostbite (8300m)
KGUR,Kang Guru,Berndt Arenz,1985 Aut,Oct 24,06:00,W Germany,M,42,No,.,Fall (5500m)
KGUR,Kang Guru,Daniel Stolzenberg,2005 Aut,Oct 20,16:00,France,M,60,No,.,Avalanche (4200m)
KGUR,Kang Guru,Pema Nuru Sherpa (Dolakha),2005 Aut,Oct 20,16:00,Nepal,M,0,No,.,Avalanche (4200m)
KGUR,Kang Guru,"Ang Pasang Sherpa (Bumburi, Jubing, Solukhumbu)",2005 Aut,Oct 20,16:00,Nepal,M,37,No,.,Avalanche (4200m)
KGUR,Kang Guru,Jean-Paul Minette,2005 Aut,Oct 20,16:00,France,M,51,No,.,Avalanche (4200m)
KGUR,Kang Guru,Jean-Francois Jube,2005 Aut,Oct 20,16:00,France,M,58,No,.,Avalanche (4200m)
KGUR,Kang Guru,"Sher Bahadur Gurung (Laprak, Gorkha)",2005 Aut,Oct 20,16:00,Nepal,M,0,No,.,Avalanche (4200m)
KGUR,Kang Guru,"Sahila Gurung (Laprak, Gorkha)",2005 Aut,Oct 20,16:00,Nepal,M,0,No,.,Avalanche (4200m)
KGUR,Kang Guru,"Mani Lal Gurung (Laprak, Gorkha)",2005 Aut,Oct 20,16:00,Nepal,M,0,No,.,Avalanche (4200m)
KGUR,Kang Guru,"Kam Bahadur Gurung (Laprak, Gorkha)",2005 Aut,Oct 20,16:00,Nepal,M,0,No,.,Avalanche (4200m)
KGUR,Kang Guru,"Iman Gurung (Laprak, Gorkha)",2005 Aut,Oct 20,16:00,Nepal,M,45,No,.,Avalanche (4200m)
KGUR,Kang Guru,"Dulal (Mahila) Gurung (Laprak, Gorkha)",2005 Aut,Oct 20,16:00,Nepal,M,0,No,.,Avalanche (4200m)
KGUR,Kang Guru,"Chandra Man Gurung (Laprak, Gorkha)",2005 Aut,Oct 20,16:00,Nepal,M,0,No,.,Avalanche (4200m)
KGUR,Kang Guru,"Bir Lal Gurung (Laprak, Gorkha)",2005 Aut,Oct 20,16:00,Nepal,M,0,No,.,Avalanche (4200m)
KGUR,Kang Guru,"Arun Raj Gurung (Gumda, Gorkha)",2005 Aut,Oct 20,16:00,Nepal,M,0,No,.,Avalanche (4200m)
KGUR,Kang Guru,Pierre Gregory Flematti,2005 Aut,Oct 20,16:00,France,M,35,No,.,Avalanche (4200m)
KGUR,Kang Guru,Bernard Constantin,2005 Aut,Oct 20,16:00,France,M,61,No,.,Avalanche (4200m)
KGUR,Kang Guru,Bruno Chardin,2005 Aut,Oct 20,16:00,France,M,50,No,.,Avalanche (4200m)
KGUR,Kang Guru,Marie-Odile Stolzenberg,2005 Aut,Oct 20,16:00,France,F,57,No,.,Avalanche (4200m)
KJRN,Kanjiroba North,Kiyotsugu (Seiji) Takato,1975 Aut,Oct 29,,Japan,M,28,No,.,Fall (6000m)
KOTA,Kotang,George Frey,1951 Aut,Oct 29,09:00,Switzerland,M,29,No,.,Fall (5200m)
KTEG,Kangtega, Unknown,1983 Aut,Oct 24,10:30,Nepal,F,0,No,.,Avalanche (4800m)
KUSU,Kusum Kanguru,Cathy Jessop,1991 Aut,Dec 31,,UK,F,0,No,.,AMS (0m)
KWAN,Kwangde,Takaaki Fujii,1986 Win,Dec 31,,Japan,M,24,No,.,Fall (0m)
KWAN,Kwangde,Tomoo Matsukuma,1986 Win,Dec 31,,Japan,M,28,No,.,Fall (0m)
LANG,Langtang Lirung,Kenji Oshima,1961 Spr,May 11,04:45,Japan,M,26,No,.,Avalanche (5600m)
LANG,Langtang Lirung,Gyaltsen Norbu Sherpa,1961 Spr,May 11,04:45,India,M,42,No,.,Avalanche (5600m)
LANG,Langtang Lirung,Kaichi Morimoto,1961 Spr,May 11,04:45,Japan,M,41,No,.,Avalanche (5600m)
LANG,Langtang Lirung,Giorgio Rossi,1963 Aut,Oct 17,08:30,Italy,M,28,No,.,Falling Rock/Ice (6000m)
LANG,Langtang Lirung,Cesare Volante,1963 Aut,Oct 17,08:30,Italy,M,27,No,.,Falling Rock/Ice (6000m)
LANG,Langtang Lirung,Bruno Crepaz,1982 Aut,Oct 18,11:00,Italy,M,48,No,.,Avalanche (6000m)
LANG,Langtang Lirung,Jan Elliot Spake,1985 Aut,Oct 18,09:00,USA,M,27,No,.,Avalanche (4900m)
LANG,Langtang Lirung,"Gyalgen Sherpa (Badar, Ramechap, Janakpur)",1985 Aut,Oct 18,09:00,Nepal,M,32,No,.,Avalanche (4900m)
LANG,Langtang Lirung,Daniel Newell,1985 Aut,Oct 18,09:00,USA,M,35,No,.,Avalanche (4900m)
LANG,Langtang Lirung,Masahiro Hisamoto,1989 Spr,Mar 21,10:43,Japan,M,20,No,.,Avalanche (4900m)
LANG,Langtang Lirung,Noriyuki Futami,1989 Spr,Mar 21,10:43,Japan,M,29,No,.,Avalanche (4900m)
LANG,Langtang Lirung,Yasuhisa Kuwashina,1989 Spr,Mar 21,10:43,Japan,M,23,No,.,Avalanche (4900m)
LANG,Langtang Lirung,Jin-Hyun Kim,1992 Win,Dec 18,18:30,S Korea,M,25,No,Y,Avalanche (6900m)
LANG,Langtang Lirung,Bir Bahadur Tamang,1992 Win,Dec 18,18:30,Nepal,M,0,No,Y,Avalanche (6900m)
LANG,Langtang Lirung,Dorje Tamang,1992 Win,Dec 18,18:30,Nepal,M,0,No,Y,Avalanche (6900m)
LANG,Langtang Lirung,Tomaz Humar,2009 Aut,Nov 10,,Slovenia,M,40,No,.,Fall (6100m)
LANR,Langtang Ri,Gopal Bahadur K.C.,1990 Aut,Oct 18,,Nepal,M,0,No,.,Illness (non-AMS) (3750m)
LEON,Leonpo Gang,Ian Wallance Crosby Fox,1957 Spr,Apr 30,11:00,UK,M,33,No,.,Avalanche (6100m)
LEON,Leonpo Gang,Lhakpa Norbu Sherpa,1957 Spr,Apr 30,11:00,Nepal,M,0,No,.,Avalanche (6100m)
LEON,Leonpo Gang,Mingma Tensing Sherpa,1957 Spr,Apr 30,11:00,Nepal,M,23,No,.,Avalanche (6100m)
LHOT,Lhotse,Stanislaw Latallo,1974 Aut,Dec 17,14:00,Poland,M,0,No,.,Exhaustion (7000m)
LHOT,Lhotse,Max Lutz,1977 Spr,May 12,,W Germany,M,25,Y,Y,Fall (8000m)
LHOT,Lhotse,Nicolas Jaeger,1980 Spr,Apr 26,,France,M,33,No,.,Disappearance (8000m)
LHOT,Lhotse,"Pasang Nima Sherpa (Phortse, Khumbu)",1980 Spr,May 17,20:50,Nepal,M,0,Y,.,Avalanche (7500m)
LHOT,Lhotse,Rafal Cholda,1985 Aut,Oct 25,,Poland,M,28,No,.,Fall (8000m)
LHOT,Lhotse,Czeslaw Jakiel,1987 Aut,Sep 15,06:30,Poland,M,38,No,.,Avalanche (6200m)
LHOT,Lhotse,Jerzy Kukuczka,1989 Aut,Oct 24,09:00,Poland,M,41,No,.,Fall (8350m)
LHOT,Lhotse,Vladimir Bachkirov,1997 Spr,May 27,,Russia,M,45,No,Y,AMS (7900m)
LHOT,Lhotse,Vladimir Bondarev,2000 Aut,Sep 17,,Russia,M,34,No,.,Avalanche (6500m)
LHOT,Lhotse,Pavel Kalny,2006 Spr,May 09,,Czech Republic,M,38,Y,.,Fall (7800m)
LHOT,Lhotse,"Pemba Doma Thaktopa Sherpa (Namche Bazar, Khumbu)",2007 Spr,May 21,13:30,Nepal,F,36,Y,Y,Fall (8400m)
LHOT,Lhotse,Sergei Samoilov,2009 Spr,May 25,,Kazakhstan,M,51,No,.,Fall (7600m)
LHOT,Lhotse,Sergei Duganov,2010 Spr,May 07,08:00,Russia,M,43,No,.,AMS (7800m)
LHOT,Lhotse,Milan Sedlacek,2012 Spr,May 19,,Czech Republic,M,50,No,Y,Exposure/Frostbite (8450m)
LHOT,Lhotse,"Temba Sherpa (Sedua, Makalu-Barun)",2012 Aut,Oct 16,,Nepal,M,39,Y,.,Fall (7900m)
LHOT,Lhotse,Hsiao-Shih Lee,2013 Spr,May 20,04:00,Taiwan,M,57,Y,Y,AMS (7800m)
LHOT,Lhotse,"Asman Tamang (Sotang-9, Solukbumbu)",2014 Spr,Apr 18,06:45,Nepal,M,26,No,.,Avalanche (5800m)
LHOT,Lhotse,Zhen-Fang Ge,2015 Spr,Apr 25,11:55,China,M,43,No,.,Avalanche (5350m)
LHOT,Lhotse,"Ang Phurba Sherpa (Phurte, Khumbu)",2016 Spr,May 19,12:00,Nepal,M,25,Y,.,Fall (8500m)
LHOT,Lhotse,Rustem Amirov,2018 Spr,May 16,22:45,Russia,M,40,No,.,AMS (7000m)
LHOT,Lhotse,Ivan Yuriev Tomov,2019 Spr,May 17,13:30,Bulgaria,M,35,Y,Y,AMS (7780m)
LSHR,Lhotse Shar,Pierre Favez,1981 Aut,Oct 16,,Switzerland,M,38,Y,.,Fall (7100m)
LSHR,Lhotse Shar,Philippe Petten,1981 Aut,Oct 16,,Switzerland,M,23,Y,.,Fall (7100m)
LSHR,Lhotse Shar,Josef Fauchere,1981 Aut,Oct 25,11:30,Switzerland,M,35,No,.,Fall (4700m)
LSHR,Lhotse Shar,Pedro Alonso Lopez,1986 Aut,Oct 30,17:00,Spain,M,30,No,.,Fall (7390m)
LSHR,Lhotse Shar,Sergio Reinaldo Escalera Fernandez,1987 Aut,Sep 27,,Spain,M,33,No,.,Avalanche (7450m)
LSHR,Lhotse Shar,Antonio Quinones Torres,1987 Aut,Sep 27,,Spain,M,26,No,.,Avalanche (7450m)
LSHR,Lhotse Shar,Francisco Porras Cerda,1987 Aut,Sep 27,,Spain,M,30,No,.,Avalanche (7450m)
LSHR,Lhotse Shar,Antoni Sors Ferrer,1987 Aut,Sep 27,,Spain,M,37,No,.,Avalanche (7450m)
LSHR,Lhotse Shar,Sun-Dug Hwang,2003 Aut,Oct 05,,S Korea,M,26,Y,.,Avalanche (8250m)
LSHR,Lhotse Shar,Joo-Hoon Park,2003 Aut,Oct 05,,S Korea,M,34,Y,.,Avalanche (8250m)
LSIS,Langshisa Ri,Manabu Kato,1973 Aut,Oct 19,,Japan,M,22,No,.,Avalanche (4700m)
LSIS,Langshisa Ri,Mitsuyoshi Oshitani,1973 Aut,Oct 19,,Japan,M,30,No,.,Avalanche (4700m)
LSIS,Langshisa Ri,Shiniichi Suzuki,1973 Aut,Oct 19,,Japan,M,25,No,.,Avalanche (4700m)
MAK2,Makalu II,Kunio Takagi,1971 Aut,Oct 20,,Japan,M,0,No,.,AMS (7300m)
MAK2,Makalu II,Ewout Reynierse,1974 Aut,Oct 15,,Netherlands,M,33,No,.,Fall (7000m)
MAK2,Makalu II, Unknown,1976 Aut,Sep 28,,Nepal,M,0,No,.,Unknown (5040m)
MAK2,Makalu II,Frank Alexander Merjenberg,1985 Aut,Oct 16,,Netherlands,M,30,No,Y,Other (5500m)
MAK2,Makalu II,Walter Roos,1985 Aut,Oct 16,,Netherlands,M,39,No,.,Other (5500m)
MAK2,Makalu II,Pierre Demolombe,1985 Aut,Nov 02,,France,M,47,No,.,Exposure/Frostbite (7450m)
MAK2,Makalu II,Marcel Margaine,1985 Aut,Nov 02,,France,M,26,No,.,Exposure/Frostbite (7100m)
MAK2,Makalu II,Edwin Terrell,1986 Spr,Apr 13,08:45,USA,M,31,No,.,AMS (5150m)
MAK2,Makalu II,Jacques Saint-Martin,1987 Aut,Oct 19,,France,M,19,No,.,Exhaustion (3700m)
MAK2,Makalu II,Dog Bahadur Bista,1987 Aut,Oct 19,,Nepal,M,0,No,.,Exhaustion (3700m)
MAK2,Makalu II,Kamal Bahadur Bista,1987 Aut,Oct 19,,Nepal,M,0,No,.,Exhaustion (3700m)
MAK2,Makalu II,Mark Miller,1992 Aut,Sep 28,14:30,UK,M,31,No,.,Other (2225m)
MAK2,Makalu II,Victor Radvils,1992 Aut,Sep 28,14:30,UK,M,0,No,.,Other (2225m)
MAKA,Makalu,Dilli Bahadur Verma,1954 Aut,Dec 31,,Nepal,M,0,No,.,Illness (non-AMS) (4700m)
MAKA,Makalu,Jan Kounicky,1973 Spr,May 21,10:00,Czechoslovakia,M,33,Y,.,Fall (8010m)
MAKA,Makalu,Karel Schubert,1976 Spr,May 24,,Czechoslovakia,M,34,Y,Y,Exposure/Frostbite (7800m)
MAKA,Makalu,Andrzej Mlynarczyk,1978 Aut,Oct 06,04:00,Poland,M,30,No,.,Avalanche (4850m)
MAKA,Makalu,Tadeusz Szulc,1982 Aut,Sep 26,,Poland,M,47,No,.,Illness (non-AMS) (6800m)
MAKA,Makalu, Unknown,1983 Spr,Dec 31,,Nepal,M,0,No,.,Unknown (0m)
MAKA,Makalu,Matthew William (Bill) Denz,1983 Aut,Oct 03,14:00,New Zealand,M,32,No,.,Avalanche (6500m)
MAKA,Makalu,Mark Peter Moorhead,1983 Aut,Oct 15,10:45,Australia,M,23,No,.,Fall (6900m)
MAKA,Makalu,Ram Bahadur Shrestha,1984 Aut,Sep 13,,Nepal,M,0,No,.,AMS (5350m)
MAKA,Makalu,Kancha Gurung,1986 Aut,Dec 31,,Nepal,M,0,No,.,AMS (4500m)
MAKA,Makalu,Marcel Ruedi,1986 Aut,Sep 25,,Switzerland,M,47,No,Y,AMS (8100m)
MAKA,Makalu,Ryszard Kolakowski,1988 Aut,Oct 14,20:30,Poland,M,33,No,Y,Fall (8400m)
MAKA,Makalu,Manu Badiola Otegi,1991 Aut,Oct 02,12:30,Spain,M,37,No,Y,Fall (8300m)
MAKA,Makalu,Takumi Ishizaka,1991 Aut,Oct 08,,Japan,M,26,Y,Y,Exposure/Frostbite (7900m)
MAKA,Makalu,David Victor Hume,1995 Spr,May 08,20:00,Australia,M,33,No,Y,Fall (8300m)
MAKA,Makalu,Anatoli Chlekht,1996 Spr,May 14,17:30,Russia,M,37,No,.,Fall (7900m)
MAKA,Makalu,Salavat Khabibulin,1997 Spr,May 21,,Russia,M,35,No,.,Exhaustion (8200m)
MAKA,Makalu,Igor Bougatshevski,1997 Spr,May 24,,Russia,M,35,Y,Y,Falling Rock/Ice (6800m)
MAKA,Makalu,Per Lyhne,1997 Aut,Oct 12,,Denmark,M,31,No,.,Illness (non-AMS) (6100m)
MAKA,Makalu,Michael Knakkergaard-Jorgensen,1999 Spr,Apr 30,16:00,Denmark,M,31,No,Y,Fall (8000m)
MAKA,Makalu,"Sange Pemba Sherpa (Phortse, Khumbu)",1999 Aut,Oct 11,14:30,Nepal,M,26,No,.,Fall (7200m)
MAKA,Makalu,Bernd Mehnert,2000 Spr,May 16,10:00,Germany,M,33,No,Y,AMS (7700m)
MAKA,Makalu,Erich Resch,2001 Spr,May 14,,Austria,M,39,No,.,Fall (8400m)
MAKA,Makalu,Raymond David Caughron,2002 Spr,Apr 25,,USA,M,58,No,.,Exposure/Frostbite (7200m)
MAKA,Makalu,Sarki Sherpa,2002 Spr,May 31,,Nepal,M,0,No,.,Other (0m)
MAKA,Makalu,"Nima Dorje Tamang (Pirangding, Kerung, Solukhumbu)",2002 Spr,May 31,,Nepal,M,0,No,.,Other (0m)
MAKA,Makalu,"Ongchhu Sherpa (Lakhu, Waku, Solukhumbu)",2002 Spr,May 31,,Nepal,M,33,No,.,Other (0m)
MAKA,Makalu,Karma Wangchu Sherpa,2002 Spr,May 31,,Nepal,M,0,No,.,Other (0m)
MAKA,Makalu,Pramod Sunar,2002 Spr,May 31,,Nepal,M,0,No,.,Other (0m)
MAKA,Makalu,Prakash Kundip Karki,2002 Spr,May 31,,Nepal,M,0,No,.,Other (0m)
MAKA,Makalu,Vladislav Terzyul,2004 Spr,May 17,,Ukraine,M,50,No,Y,Disappearance (8400m)
MAKA,Makalu,Jay Sieger,2004 Spr,May 18,,USA,M,45,No,Y,Fall (8300m)
MAKA,Makalu,"Sumba Sherpa (Junbesi, Beni-8, Solukhumbu)",2005 Spr,May 15,,Nepal,M,42,No,.,AMS (5400m)
MAKA,Makalu,Jean-Christophe Lafaille,2005 Win,Jan 27,,France,M,40,No,.,Crevasse (7700m)
MAKA,Makalu,Drabey Bahadur Rajan Magar,2008 Spr,Apr 24,,Nepal,M,44,No,.,Falling Rock/Ice (5500m)
MAKA,Makalu,"Nil Prasad Gurung (Sardikhola-2, Khandarjung, Kaski)",2008 Spr,May 20,,Nepal,M,33,Y,Y,AMS (7400m)
MAKA,Makalu,Sangat Ram Thakur,2009 Spr,May 01,,India,M,35,No,.,Fall (7100m)
MAKA,Makalu,Zaharias Kiriakakis,2010 Spr,May 26,,Greece,M,44,Y,Y,Disappearance (8200m)
MAKA,Makalu,Joelle Catherine Brupbacher,2011 Spr,May 22,23:30,Switzerland,F,32,No,.,AMS (7400m)
MAKA,Makalu,Xiang-Yang Liu,2013 Spr,Apr 23,,China,M,45,Y,.,Fall (7600m)
MAKA,Makalu,Yannick Claude Sylvain Gagneret,2014 Spr,May 02,16:00,France,M,39,Y,.,AMS (7350m)
MAKA,Makalu,"Lhakpa Ongyal (Lhakpa Wangel) Sherpa (Nurbugaon, Makalu-Barun)",2016 Spr,May 10,,Nepal,M,49,No,.,Illness (non-AMS) (6600m)
MAKA,Makalu,"Da Tenji Sherpa (Kharikhola, Solukhumbu)",2016 Spr,May 10,,Nepal,M,39,No,.,Illness (non-AMS) (6600m)
MAKA,Makalu,"Ang Dawa Sherpa (Kerung-2, Solukhumbu)",2018 Spr,May 15,02:00,Nepal,M,31,Y,Y,Illness (non-AMS) (5700m)
MAKA,Makalu,Richard Leopoldo Hidalgo Jara,2019 Spr,May 08,,Peru,M,52,No,.,AMS (6700m)
MAKA,Makalu,Narayan Singh,2019 Spr,May 16,,India,M,34,Y,Y,Exhaustion (8200m)
MAKA,Makalu,Dipankar Ghosh,2019 Spr,May 16,,India,M,53,Y,Y,Exhaustion (8200m)
MAKA,Makalu,Nima Tenji Sherpa (Makalu-Barun),2019 Spr,May 24,,Nepal,M,0,No,.,AMS (6400m)
MANA,Manaslu,Ki-Sup Kim,1971 Spr,May 04,,S Korea,M,25,Y,.,Crevasse (7600m)
MANA,Manaslu, Karki,1972 Spr,Apr 04,,Nepal,M,0,No,.,Disappearance (4300m)
MANA,Manaslu,"Ang Mingma Sherpa (Phaplu, Solukhumbu (?))",1972 Spr,Apr 10,03:15,Nepal,M,28,No,.,Avalanche (6500m)
MANA,Manaslu,"Ang Rita Sherpa (Phaplu, Solukhumbu (?))",1972 Spr,Apr 10,03:15,Nepal,M,0,No,.,Avalanche (6500m)
MANA,Manaslu,Joon-Haeng Song,1972 Spr,Apr 10,03:15,S Korea,M,30,No,.,Avalanche (6500m)
MANA,Manaslu,"Rinsing Ongyal (Rinji Wangel) Sherpa (Phaplu, Solukhumbu)",1972 Spr,Apr 10,03:15,Nepal,M,33,No,.,Avalanche (6500m)
MANA,Manaslu,"Pemba Rinji (Nawang Chultim) Sherpa (Jorsale, Khumbu)",1972 Spr,Apr 10,03:15,Nepal,M,0,No,.,Avalanche (6500m)
MANA,Manaslu,"Ang Tendi (Ang Dawa) Sherpa (Thami, Khumbu)",1972 Spr,Apr 10,03:15,Nepal,M,0,No,.,Avalanche (6500m)
MANA,Manaslu,"Gyalze Sherpa (Phaplu, Solukhumbu (?))",1972 Spr,Apr 10,03:15,Nepal,M,0,No,.,Avalanche (6500m)
MANA,Manaslu,"Pasang Nima Sherpa (Phaplu, Solukhumbu (?))",1972 Spr,Apr 10,03:15,Nepal,M,0,No,.,Avalanche (6500m)
MANA,Manaslu,Ho-Sup Kim,1972 Spr,Apr 10,03:15,S Korea,M,27,No,.,Avalanche (6500m)
MANA,Manaslu,"Ang Mingma Sherpa (Phaplu, Solukhumbu (?))",1972 Spr,Apr 10,03:15,Nepal,M,37,No,.,Avalanche (6500m)
MANA,Manaslu,Sae-Keun Oh,1972 Spr,Apr 10,03:15,S Korea,M,26,No,.,Avalanche (6500m)
MANA,Manaslu,"Wangel Sherpa (Phaplu, Solukhumbu (?))",1972 Spr,Apr 10,03:15,Nepal,M,0,No,.,Avalanche (6500m)
MANA,Manaslu,"Phurba Tenzing Sherpa (Phaplu, Solukhumbu (?))",1972 Spr,Apr 10,03:15,Nepal,M,0,No,.,Avalanche (6500m)
MANA,Manaslu,Kazunari Yasuhisa,1972 Spr,Apr 10,03:30,Japan,M,33,No,.,Avalanche (6500m)
MANA,Manaslu,Chang-Hee Park,1972 Spr,Apr 10,03:30,S Korea,M,39,No,.,Avalanche (6500m)
MANA,Manaslu,Franz Jaeger,1972 Spr,Apr 25,,Austria,M,29,No,.,Fall (7400m)
MANA,Manaslu,Andi Schlick,1972 Spr,Apr 25,,Austria,M,27,No,.,Fall (7400m)
MANA,Manaslu,Teiko Suzuki,1974 Spr,May 04,,Japan,F,30,Y,.,Fall (7600m)
MANA,Manaslu,Edgardo Jose Porcellana,1979 Aut,Oct 08,,Argentina,M,28,No,.,Avalanche (5700m)
MANA,Manaslu,Pere Aymerich,1982 Spr,May 11,,Spain,M,30,No,.,Avalanche (7400m)
MANA,Manaslu,Enric Font Lloret,1982 Spr,May 11,,Spain,M,37,No,.,Avalanche (7400m)
MANA,Manaslu,Takashi Sakuma,1982 Win,Dec 18,10:25,Japan,M,32,Y,.,Fall (7550m)
MANA,Manaslu,Ante Bucan,1983 Spr,Apr 24,,Yugoslavia,M,32,No,.,Avalanche (4500m)
MANA,Manaslu,Jernej (Nejc) Zaplotnik,1983 Spr,Apr 24,,Yugoslavia,M,31,No,.,Avalanche (4500m)
MANA,Manaslu,Stanislaw Jaworski,1983 Win,Dec 11,,Poland,M,37,No,.,Fall (5600m)
MANA,Manaslu,Thomas Juen,1985 Spr,May 04,,Austria,M,27,No,.,Avalanche (7000m)
MANA,Manaslu,Nima Norbu Sherpa,1985 Aut,Oct 25,,Nepal,M,25,No,.,Avalanche (6400m)
MANA,Manaslu,Wilhelm Klaiber,1986 Spr,May 03,,W Germany,M,48,No,.,Fall (7000m)
MANA,Manaslu,Dieter Oberbichler,1986 Spr,May 04,,Austria,M,44,No,.,Fall (6400m)
MANA,Manaslu,Ichigi Kudo,1987 Aut,Oct 28,,Japan,M,43,No,.,AMS (4400m)
MANA,Manaslu,Santiago Suarez,1989 Spr,May 07,13:30,Spain,M,35,No,.,Fall (7100m)
MANA,Manaslu,"Wangchu (Nima Wangchu) Sherpa (Chumoa, Khumbu)",1990 Spr,Mar 27,09:00,Nepal,M,0,No,.,Avalanche (4700m)
MANA,Manaslu,Nancy Jackson,1990 Spr,Mar 27,09:00,USA,F,34,No,.,Avalanche (4700m)
MANA,Manaslu,Charles (Chuck) Schertz,1990 Spr,Mar 27,09:00,USA,M,35,No,.,Avalanche (4700m)
MANA,Manaslu,Grigori Luniakov,1990 Aut,Oct 07,,USSR,M,35,No,.,Fall (7200m)
MANA,Manaslu,Zijnur Khalitov,1990 Aut,Oct 07,,USSR,M,38,No,.,Fall (7200m)
MANA,Manaslu,Murat Galiev,1990 Aut,Oct 07,,USSR,M,29,No,.,Fall (7200m)
MANA,Manaslu,Karl Grossrubatscher,1991 Spr,May 10,09:00,Italy,M,28,No,.,Fall (7000m)
MANA,Manaslu,Gottfried (Friedl) Mutschlechner,1991 Spr,May 10,16:00,Italy,M,41,No,.,Other (5700m)
MANA,Manaslu,Sylwia Dmowska,1992 Aut,Oct 02,18:00,Poland,F,22,No,.,Fall (7200m)
MANA,Manaslu,Sven Vermeiren,1992 Aut,Oct 03,10:30,Belgium,M,23,No,.,Fall (6800m)
MANA,Manaslu,Igor Khmiliar,1993 Aut,Oct 21,,Russia,M,35,No,Y,Fall (7300m)
MANA,Manaslu,Sergei Jadrychnikov,1993 Aut,Oct 22,04:00,Russia,M,37,No,.,Avalanche (6200m)
MANA,Manaslu,Joerg Starke,1995 Spr,May 06,,Germany,M,31,No,.,Fall (7000m)
MANA,Manaslu,Michael Zunk,1995 Spr,May 07,16:00,Germany,M,35,No,Y,Fall (7750m)
MANA,Manaslu,Masatsugu Konishi,1996 Aut,Oct 01,,Japan,M,57,Y,Y,Disappearance (7800m)
MANA,Manaslu,Juraj Kardhordo,1997 Aut,Oct 08,18:00,Slovakia,M,31,No,.,Fall (8000m)
MANA,Manaslu,Miroslav Rybansky,1997 Aut,Oct 09,11:00,Slovakia,M,41,No,Y,Other (7300m)
MANA,Manaslu,Lennin Granados,1998 Aut,Oct 26,13:30,Colombia,M,31,No,.,Avalanche (6300m)
MANA,Manaslu,Hristo Stantchev,1998 Aut,Oct 30,,Bulgaria,M,38,No,.,Fall (6900m)
MANA,Manaslu,Isao Kurihara,2001 Aut,Oct 13,02:40,Japan,M,42,Y,.,AMS (6600m)
MANA,Manaslu,Susan Erica (Sue) Fear,2006 Spr,May 28,12:00,Australia,F,43,No,Y,Crevasse (7800m)
MANA,Manaslu,"Hasta Bahadur Gurung (Sitalpati, Makalu-Barun)",2008 Spr,May 13,21:00,Nepal,M,49,Y,.,Illness (non-AMS) (6750m)
MANA,Manaslu,Daniel Goulevitch,2008 Aut,Oct 05,05:00,France,M,49,Y,.,AMS (7400m)
MANA,Manaslu,Giuseppe Antonelli,2009 Spr,Apr 28,,Italy,M,38,No,.,Illness (non-AMS) (6308m)
MANA,Manaslu,Szabo Levente,2009 Spr,May 19,16:00,Hungary,M,39,No,.,Fall (7300m)
MANA,Manaslu,Franc Oderlap,2009 Aut,Oct 03,11:00,Slovenia,M,50,Y,.,Falling Rock/Ice (5850m)
MANA,Manaslu,Haeng-Su Park,2010 Spr,Apr 23,,S Korea,M,26,No,.,Exhaustion (7600m)
MANA,Manaslu,Chi-Won Yun,2010 Spr,Apr 23,20:00,S Korea,M,39,No,.,Disappearance (7600m)
MANA,Manaslu,Nobuaki Kuwabara,2010 Aut,Sep 25,,Japan,M,60,No,.,Illness (non-AMS) (4700m)
MANA,Manaslu,Eisa Mir-Shekari,2011 Spr,Apr 30,,Iran,M,27,No,.,AMS (7000m)
MANA,Manaslu,Bernard Jean Francois Milian,2011 Spr,May 11,,France,M,52,.,Y,Disappearance (0m)
MANA,Manaslu,"Tashi Chhiring Sherpa (Rolwaling, Dolakha)",2011 Spr,May 11,,Nepal,M,32,.,Y,Disappearance (0m)
MANA,Manaslu,Alain Pierre Marie Laurens,2011 Spr,May 11,,France,M,57,.,Y,Disappearance (0m)
MANA,Manaslu,Jafar Naseri,2012 Spr,May 10,21:30,Iran,M,34,No,Y,Fall (7900m)
MANA,Manaslu,Catherine Marie Andree Ricard,2012 Aut,Sep 23,04:30,France,F,48,Y,.,Avalanche (7300m)
MANA,Manaslu,Ludovic Paul Nicolas Challeat,2012 Aut,Sep 23,04:30,France,M,42,No,.,Avalanche (7300m)
MANA,Manaslu,Fabrice Priez,2012 Aut,Sep 23,04:30,France,M,45,No,.,Avalanche (7300m)
MANA,Manaslu,Dominique Ouimet,2012 Aut,Sep 23,04:30,Canada,M,48,No,.,Avalanche (7300m)
MANA,Manaslu,Philippe Lucien Bos,2012 Aut,Sep 23,04:30,France,M,55,No,.,Avalanche (7300m)
MANA,Manaslu,Marti Gasull Roig,2012 Aut,Sep 23,04:45,Spain,M,43,No,.,Avalanche (6800m)
MANA,Manaslu,Gregory Ugo Costa,2012 Aut,Sep 23,04:45,France,M,27,No,.,Avalanche (6800m)
MANA,Manaslu,Remy George Lecluse,2012 Aut,Sep 23,04:45,France,M,48,No,.,Avalanche (6800m)
MANA,Manaslu,"Dawa Dorje Sherpa (Pangboche, Khumbu)",2012 Aut,Sep 23,04:45,Nepal,M,29,No,.,Avalanche (6700m)
MANA,Manaslu,Christian Mittermeyer,2012 Aut,Sep 23,04:45,Germany,M,42,No,.,Avalanche (6730m)
MANA,Manaslu,Alberto Magliano,2012 Aut,Sep 23,04:45,Italy,M,66,No,.,Avalanche (6700m)
MANA,Manaslu,Victor Manuel Correa Perez,2012 Aut,Oct 03,,Colombia,M,34,No,.,Disappearance (6270m)
MANA,Manaslu,Yoshimasa Sasaki,2014 Aut,Sep 24,,Japan,M,59,Y,.,Fall (7300m)
MANA,Manaslu,Zoltan Benedek,2015 Aut,Oct 02,01:00,Austria,M,51,No,Y,AMS (7450m)
MANA,Manaslu,Hirotaka Onodera,2016 Aut,Oct 07,,Japan,M,23,Y,Y,Fall (8150m)
MANA,Manaslu,Philip Joseph Harvey,2017 Aut,Sep 25,08:30,UK,M,46,Y,.,AMS (6700m)
MANA,Manaslu,Hiromi Komatsu,2018 Aut,Sep 08,,Japan,M,67,No,.,Other (0m)
MANA,Manaslu,Roman Hlavko,2018 Aut,Sep 29,,Czech Republic,M,43,No,Y,Fall (7000m)
MANA,Manaslu,Rita Donata Bladyko,2019 Aut,Sep 28,,Poland,F,50,Y,.,Exhaustion (6800m)
MARD,Mardi Himal,Brian Wood,1980 Aut,Oct 14,,New Zealand,M,0,No,Y,Fall (5400m)
NAG1,Nangpai Gosum I,Saroj Timilsina,2006 Aut,Oct 08,,Nepal,M,35,No,.,AMS (5250m)
NAMP,Nampa,Susumu Takahashi,1972 Spr,May 05,14:40,Japan,M,23,No,Y,Fall (6700m)
NGO2,Ngojumba Kang II,Michael Anthony (Mike) Bearzi,2002 Spr,May 09,19:00,USA,M,49,No,Y,Fall (7000m)
NILS,Nilgiri South,Gerhard Fiegl,2015 Aut,Oct 26,14:00,Austria,M,27,No,Y,Falling Rock/Ice (6100m)
NUPT,Nuptse,Gerald F. (Gerry) Owens,1975 Spr,May 09,10:00,UK,M,37,No,.,Fall (7200m)
NUPT,Nuptse,Richard A. Summerton,1975 Spr,May 09,10:00,UK,M,29,No,.,Fall (7200m)
NUPT,Nuptse,"Pasang Tamang (Mukli Maidal, Solukhumbu)",1975 Spr,May 14,04:30,Nepal,M,24,No,.,Fall (6900m)
NUPT,Nuptse,David Brister,1975 Spr,May 14,16:30,UK,M,24,No,.,Fall (6900m)
NUPT,Nuptse,"Thomas Ely (Tom) Taplin, Jr",2015 Spr,Apr 25,11:55,USA,M,61,No,.,Avalanche (5350m)
NUPT,Nuptse,Ueli Steck,2017 Spr,Apr 30,09:00,Switzerland,M,40,No,.,Fall (7600m)
PASA,Pasang Lhamu Chuli,Alois Brugger,2006 Spr,May 11,16:00,Italy,M,46,No,.,Fall (6800m)
PISA,Pisang,Karl Gluck,1994 Aut,Nov 13,,Germany,M,48,No,Y,Fall (5700m)
PISA,Pisang,"Chayamba Sherpa (Dimber, Solukhumbu)",1994 Aut,Nov 13,,Nepal,M,41,No,Y,Fall (5700m)
PISA,Pisang,Bernd Reiss,1994 Aut,Nov 13,,Germany,M,41,No,Y,Fall (5700m)
PISA,Pisang,Thomas Philipp,1994 Aut,Nov 13,,Germany,M,39,No,Y,Fall (5700m)
PISA,Pisang,Werner Nestl,1994 Aut,Nov 13,,Germany,M,58,No,Y,Fall (5700m)
PISA,Pisang,Manfred Mack,1994 Aut,Nov 13,,Germany,M,50,No,Y,Fall (5700m)
PISA,Pisang,Helmut Klopping,1994 Aut,Nov 13,,Germany,M,47,No,Y,Fall (5700m)
PISA,Pisang,Klaus Kaindl,1994 Aut,Nov 13,,Germany,M,42,No,Y,Fall (5700m)
PISA,Pisang,Stefan Hasenkopf,1994 Aut,Nov 13,,Germany,M,25,No,Y,Fall (5700m)
PISA,Pisang,Christine Hammi,1994 Aut,Nov 13,,Switzerland,F,33,No,Y,Fall (5700m)
PISA,Pisang,Sybille Zschetzsche,1994 Aut,Nov 13,,Germany,F,39,No,Y,Fall (5700m)
PK29,Peak 29,"Lhakpa Tsering Sherpa (Namche Bazar, Khumbu)",1970 Aut,Oct 19,16:30,Nepal,M,34,No,.,Fall (7000m)
PK29,Peak 29,Hiroshi Watanabe,1970 Aut,Oct 19,16:30,Japan,M,27,No,.,Fall (7000m)
PK29,Peak 29,Hisaji Banmi,1978 Aut,Sep 14,,Japan,M,29,No,.,Avalanche (5240m)
PK29,Peak 29,Yoshibumi Takahashi,1978 Aut,Sep 14,,Japan,M,24,No,.,Avalanche (5240m)
PK29,Peak 29,Mamoru Ushizawa,1978 Aut,Sep 14,,Japan,M,31,No,.,Avalanche (5240m)
PUMO,Pumori,Walter Staeuble,1961 Win,Dec 07,,Switzerland,M,31,No,.,Fall (5900m)
PUMO,Pumori,Unknown Sherpa,1961 Win,Dec 07,,Nepal,M,0,No,.,Fall (5900m)
PUMO,Pumori,Ang Kami Sherpa,1975 Spr,May 02,,Nepal,M,0,No,.,Fall (7100m)
PUMO,Pumori,Philippe Bernardin,1975 Spr,May 02,,France,M,40,No,.,Fall (7100m)
PUMO,Pumori,Numa Chiesa,1978 Aut,Oct 25,05:30,Switzerland,M,26,Y,.,AMS (4500m)
PUMO,Pumori,Richard Wilson,1984 Win,Dec 13,,USA,M,30,No,Y,Disappearance (7000m)
PUMO,Pumori,Richard (Rich) Pierce,1984 Win,Dec 31,,USA,M,26,No,Y,Disappearance (7000m)
PUMO,Pumori,Chris Leibundgut,1988 Spr,Apr 18,19:00,USA,M,27,No,Y,Fall (7120m)
PUMO,Pumori,Kristinn Runarsson,1988 Aut,Oct 18,14:00,Iceland,M,27,No,.,Fall (6500m)
PUMO,Pumori,Porsteinn Gudjonsson,1988 Aut,Oct 18,14:00,Iceland,M,27,No,.,Fall (6500m)
PUMO,Pumori,Antonio Luis Galea Gordillo,1989 Aut,Oct 03,03:30,Spain,M,28,No,.,Avalanche (6400m)
PUMO,Pumori,Pablo De Miguel Renedo,1989 Aut,Oct 03,03:30,Spain,M,33,No,.,Avalanche (6400m)
PUMO,Pumori,Jose Maria De Miguel Renedo,1989 Aut,Oct 03,03:30,Spain,M,31,No,.,Avalanche (6400m)
PUMO,Pumori,Francisco (Paco) Salgado Rivera,1989 Aut,Oct 03,03:30,Spain,M,30,No,.,Avalanche (6400m)
PUMO,Pumori,George Curry,1989 Win,Dec 28,16:00,Australia,M,35,No,.,Fall (5700m)
PUMO,Pumori,Yoshikuni Mori,1990 Spr,Mar 28,08:30,Japan,M,21,No,.,Crevasse (6100m)
PUMO,Pumori,Gyalzen Sherpa,1991 Aut,Sep 15,07:30,Nepal,M,0,No,.,Avalanche (6600m)
PUMO,Pumori,Brahim Saidi,1991 Aut,Sep 15,07:30,France,M,18,No,.,Avalanche (6600m)
PUMO,Pumori,Ari Gunnarsson,1991 Aut,Oct 09,,Iceland,M,30,No,Y,Falling Rock/Ice (6100m)
PUMO,Pumori,Baek-Gyoon Kim,1992 Spr,May 12,,S Korea,M,23,No,Y,Avalanche (6800m)
PUMO,Pumori,Bhakta Bahadur Rai,1992 Spr,May 12,,Nepal,M,0,No,Y,Avalanche (6800m)
PUMO,Pumori,Seong-Soo Seo,1992 Spr,May 12,,S Korea,M,32,No,Y,Avalanche (6800m)
PUMO,Pumori,Yeong-Deok Seo,1992 Spr,May 12,,S Korea,M,22,No,Y,Avalanche (6800m)
PUMO,Pumori,Jun-Ho Kim,1992 Aut,Sep 16,,S Korea,M,0,No,.,AMS (3860m)
PUMO,Pumori,Gregory Gordon,1993 Aut,Oct 28,13:00,USA,M,46,No,Y,Fall (6100m)
PUMO,Pumori,Frantisek Miscak,1997 Aut,Oct 09,10:00,Slovakia,M,0,No,.,Fall (6650m)
PUMO,Pumori,Peter Lenco,1997 Aut,Oct 09,10:00,Slovakia,M,24,No,.,Fall (6650m)
PUMO,Pumori,Pavol Dzurman,1997 Aut,Oct 09,10:00,Slovakia,M,0,No,.,Fall (6650m)
PUMO,Pumori,Cesar Nieto Jimenez,2001 Aut,Oct 17,,Spain,M,22,No,.,Avalanche (6250m)
PUMO,Pumori,Aritz Artieda Larraza,2001 Aut,Oct 17,,Spain,M,23,No,.,Avalanche (6250m)
PUMO,Pumori,Benat Arrue,2001 Aut,Oct 17,,Spain,M,23,No,.,Avalanche (6250m)
PUMO,Pumori,Javier (Javi) Arkauz Rincon,2001 Aut,Oct 17,,Spain,M,22,No,.,Avalanche (6250m)
PUMO,Pumori,Inaki Aiertza Etxabe,2001 Aut,Oct 17,,Spain,M,29,No,.,Avalanche (6250m)
PUMO,Pumori,Benjamin Newton Smailes,2004 Aut,Oct 30,,Australia,M,27,No,.,Fall (5000m)
PUMO,Pumori,Alexander Ivan Chen Arrocha,2005 Spr,Mar 25,13:00,Panama,M,35,No,Y,Fall (7050m)
PUMO,Pumori,"Phurba Tamang (Lapcha, Salleri, Solukhumbu)",2005 Spr,Mar 25,13:00,Nepal,M,25,No,Y,Fall (7050m)
PUMO,Pumori,Sang-Kyun Joung,2005 Spr,Mar 29,,S Korea,M,50,No,Y,Fall (6750m)
PUMO,Pumori,Do-Young Kim,2005 Spr,Mar 29,,S Korea,M,26,No,Y,Fall (6750m)
PUMO,Pumori,"Temba Wangdi (Pemba Wangdi) Sherpa (Walung, Makalu-9, Makalu-Barun)",2006 Aut,Oct 14,12:30,Nepal,M,46,No,.,Avalanche (6500m)
PUMO,Pumori,"Phurba Thundup (Furba Tundu) Sherpa (Beding, Dolakha)",2006 Aut,Oct 14,12:30,Nepal,M,32,No,.,Avalanche (6500m)
PUMO,Pumori,"Lhakpa Nurbu Sherpa (Walung, Makalu-9, Makalu-Barun)",2006 Aut,Oct 14,12:30,Nepal,M,34,No,.,Avalanche (6500m)
PUMO,Pumori,"Ang Zangbu Sherpa (Jantarkhani, Patle, Okhaldhunga)",2006 Aut,Oct 14,12:30,Nepal,M,33,No,.,Avalanche (6500m)
PUTH,Putha Hiunchuli,Mitsuo Deguchi,1973 Aut,Oct 12,23:00,Japan,M,28,No,.,Avalanche (6400m)
PUTH,Putha Hiunchuli,Isamu Mizutani,1973 Aut,Oct 12,23:00,Japan,M,30,No,.,Avalanche (6400m)
PUTH,Putha Hiunchuli,Ang Nima Sherpa,1973 Aut,Oct 12,23:00,Nepal,M,0,No,.,Avalanche (6400m)
RAKS,Raksha Urai,Gael Faroux,2003 Aut,Oct 15,13:00,France,M,30,No,Y,Fall (6300m)
RAKS,Raksha Urai,Keshab Raj (Ashe) Gurung,2003 Aut,Oct 15,13:00,Nepal,M,0,No,Y,Fall (6300m)
SAIP,Saipal,Puna ,2018 Aut,Oct 30,,Nepal,M,0,No,.,Fall (2200m)
SHA2,Shartse II,Erick Bourdais,1988 Aut,Oct 21,,France,M,26,No,.,Avalanche (6000m)
TASH,Tashi Kang,Thomas Nikles,2006 Aut,Oct 26,,Switzerland,M,29,No,.,Avalanche (5700m)
TAWO,Tawoche,Atsuyoshi Kakomoto,1985 Win,Jan 05,,Japan,M,27,No,.,Fall (5700m)
TAWO,Tawoche,Justin Tyler Griffin,2015 Aut,Nov 14,13:30,USA,M,35,No,.,Fall (0m)
THUL,Thulagi,Nikolay Bandalet,2011 Spr,May 08,,Belarus,M,50,No,.,Disappearance (7000m)
THUL,Thulagi,Sergei Belous,2011 Spr,May 08,,Belarus,M,49,No,.,Disappearance (7000m)
THUL,Thulagi,Sergey Cherezov,2011 Aut,Sep 30,09:30,Russia,M,40,No,.,Avalanche (5950m)
TILI,Tilicho,Hermann Ebert,1986 Spr,Apr 04,,W Germany,M,46,No,.,Avalanche (4900m)
TILI,Tilicho,Rudi Springmann,1986 Spr,Apr 04,,W Germany,M,54,No,.,Avalanche (4900m)
TILI,Tilicho,Petr Gribek,1988 Aut,Oct 19,07:00,Czechoslovakia,M,45,No,Y,Fall (7000m)
TILI,Tilicho,Leo Horka,1988 Aut,Oct 19,07:00,Czechoslovakia,M,44,No,Y,Fall (7000m)
TILI,Tilicho,Roberto Malgarotto,1992 Aut,Sep 15,12:30,Italy,M,51,No,.,Avalanche (5900m)
TILI,Tilicho,Gianluigi Visentin,1992 Aut,Sep 15,12:30,Italy,M,45,No,.,Avalanche (5900m)
TILI,Tilicho,Josef Alois Kaesbauer,2005 Aut,Oct 29,14:00,Germany,M,38,No,.,Fall (6600m)
TILI,Tilicho,Ivan Prokop,2006 Aut,Oct 14,,Slovakia,M,41,No,Y,Fall (6900m)
TILI,Tilicho,Saeid Bahaeloo Horeh,2008 Aut,Oct 28,20:30,Iran,M,32,No,Y,Fall (6400m)
TKPO,Tengkangpoche,Alexei Gorbatenkov,2010 Aut,Dec 31,,Russia,M,35,No,.,Disappearance (0m)
TKPO,Tengkangpoche,Svetlana Gutsalo,2010 Aut,Dec 31,,Russia,F,0,No,.,Disappearance (0m)
TUKU,Tukuche,Hirosuke Kikuchi,1970 Spr,May 01,05:30,Japan,M,23,No,Y,Fall (6400m)
TUKU,Tukuche,Yoshio Inoue,1977 Aut,Aug 16,14:15,Japan,M,29,No,.,Other (400m)
YALU,Yalung Kang,Takao Matsuda,1973 Spr,May 15,,Japan,M,31,Y,Y,Fall (8100m)
YALU,Yalung Kang,Sergio Hugo Saldana Meneses,1980 Spr,May 04,,Mexico,M,25,No,Y,Fall (8400m)
YALU,Yalung Kang,Alfonso Medina Rubio,1980 Spr,May 04,,Mexico,M,26,Y,.,Fall (8400m)
YALU,Yalung Kang,Borut Bergant,1985 Spr,Apr 22,21:00,Yugoslavia,M,30,No,Y,Fall (8300m)
YALU,Yalung Kang,Kyo-Sup Jin,1989 Win,Dec 20,16:15,S Korea,M,26,Y,Y,Fall (8500m)
YALU,Yalung Kang,Ang Dawa Sherpa (Solukhumbu),1989 Win,Dec 20,16:15,Nepal,M,29,Y,Y,Fall (8500m)
YALU,Yalung Kang,"Tchiring Chumbi (Tchiring Thebe) Sherpa (Nupri (Gorkha), Gandaki Zone)",1989 Win,Dec 20,16:15,Nepal,M,36,Y,Y,Fall (8500m)
YALU,Yalung Kang,Chhanda Gayen,2014 Spr,May 20,13:30,India,F,34,Y,.,Fall (8200m)
YALU,Yalung Kang,"Dawa Wangchu Sherpa (Tamku-5, Makalu-Barun)",2014 Spr,May 20,13:30,Nepal,M,28,Y,.,Fall (8200m)
YALU,Yalung Kang,Temba Sherpa,2014 Spr,May 20,13:30,Nepal,M,24,Y,.,Fall (8200m)
